env_id,nutrients,reactions,ES_Phe,ES_BCAA
Env_0001,"D-galactose, D-glucose, L-alanine","['R_r_1710', 'R_r_1714', 'R_r_1873']",1904.648051,1924.021381
Env_0002,"D-galactose, D-glucose, L-arginine","['R_r_1710', 'R_r_1714', 'R_r_1879']",1905.29144,1879.715246
Env_0003,"D-galactose, D-glucose, L-asparagine","['R_r_1710', 'R_r_1714', 'R_r_1880']",1905.179451,1857.280817
Env_0004,"D-galactose, D-glucose, L-aspartate","['R_r_1710', 'R_r_1714', 'R_r_1881']",1905.05584,1856.189532
Env_0005,"D-galactose, D-glucose, L-glutamate","['R_r_1710', 'R_r_1714', 'R_r_1889']",1906.070586,1880.220934
Env_0006,"D-galactose, D-glucose, L-glutamine","['R_r_1710', 'R_r_1714', 'R_r_1891']",1905.853671,1858.383585
Env_0007,"D-galactose, D-glucose, L-glycine","['R_r_1710', 'R_r_1714', 'R_r_1810']",1904.091047,1923.211193
Env_0008,"D-galactose, D-glucose, L-isoleucine","['R_r_1710', 'R_r_1714', 'R_r_1897']",1904.011434,1923.237127
Env_0009,"D-galactose, D-glucose, L-leucine","['R_r_1710', 'R_r_1714', 'R_r_1899']",1904.057756,1923.344253
Env_0010,"D-galactose, D-glucose, L-phenylalanine","['R_r_1710', 'R_r_1714', 'R_r_1903']",1730.528378,1876.834192
Env_0011,"D-galactose, D-glucose, L-serine","['R_r_1710', 'R_r_1714', 'R_r_1906']",1904.344231,1923.805331
Env_0012,"D-galactose, D-glucose, L-threonine","['R_r_1710', 'R_r_1714', 'R_r_1911']",1687.338085,1737.73632
Env_0013,"D-galactose, D-glucose, L-tryptophan","['R_r_1710', 'R_r_1714', 'R_r_1912']",1904.052147,1946.151862
Env_0014,"D-galactose, D-glucose, L-tyrosine","['R_r_1710', 'R_r_1714', 'R_r_1913']",1905.45715,1946.945908
Env_0015,"D-galactose, D-glucose, L-valine","['R_r_1710', 'R_r_1714', 'R_r_1914']",1904.12015,1924.366945
Env_0016,"D-galactose, L-alanine, L-arginine","['R_r_1710', 'R_r_1873', 'R_r_1879']",1905.28442,1879.728773
Env_0017,"D-galactose, L-alanine, L-asparagine","['R_r_1710', 'R_r_1873', 'R_r_1880']",1905.172658,1857.32043
Env_0018,"D-galactose, L-alanine, L-aspartate","['R_r_1710', 'R_r_1873', 'R_r_1881']",1905.053122,1856.209822
Env_0019,"D-galactose, L-alanine, L-glutamate","['R_r_1710', 'R_r_1873', 'R_r_1889']",1906.049752,1880.220934
Env_0020,"D-galactose, L-alanine, L-glutamine","['R_r_1710', 'R_r_1873', 'R_r_1891']",1905.836461,1858.400976
Env_0021,"D-galactose, L-alanine, L-glycine","['R_r_1710', 'R_r_1810', 'R_r_1873']",1904.638087,1924.006888
Env_0022,"D-galactose, L-alanine, L-isoleucine","['R_r_1710', 'R_r_1873', 'R_r_1897']",1904.784914,1924.586817
Env_0023,"D-galactose, L-alanine, L-leucine","['R_r_1710', 'R_r_1873', 'R_r_1899']",1904.794463,1924.652429
Env_0024,"D-galactose, L-alanine, L-lysine","['R_r_1710', 'R_r_1873', 'R_r_1900']",1904.8828,1924.379113
Env_0025,"D-galactose, L-alanine, L-methionine","['R_r_1710', 'R_r_1873', 'R_r_1902']",1904.793878,1924.220657
Env_0026,"D-galactose, L-alanine, L-phenylalanine","['R_r_1710', 'R_r_1873', 'R_r_1903']",1905.46552,1924.196033
Env_0027,"D-galactose, L-alanine, L-serine","['R_r_1710', 'R_r_1873', 'R_r_1906']",1904.642616,1924.017516
Env_0028,"D-galactose, L-alanine, L-threonine","['R_r_1710', 'R_r_1873', 'R_r_1911']",1904.74823,1924.630271
Env_0029,"D-galactose, L-alanine, L-tryptophan","['R_r_1710', 'R_r_1873', 'R_r_1912']",1904.843986,1924.088179
Env_0030,"D-galactose, L-alanine, L-tyrosine","['R_r_1710', 'R_r_1873', 'R_r_1913']",1905.208866,1924.140627
Env_0031,"D-galactose, L-alanine, L-valine","['R_r_1710', 'R_r_1873', 'R_r_1914']",1904.820237,1902.270062
Env_0032,"D-galactose, L-arginine, L-asparagine","['R_r_1710', 'R_r_1879', 'R_r_1880']",1905.326314,1879.799304
Env_0033,"D-galactose, L-arginine, L-aspartate","['R_r_1710', 'R_r_1879', 'R_r_1881']",1905.29529,1879.758724
Env_0034,"D-galactose, L-arginine, L-glutamate","['R_r_1710', 'R_r_1879', 'R_r_1889']",1905.313406,1879.779014
Env_0035,"D-galactose, L-arginine, L-glutamine","['R_r_1710', 'R_r_1879', 'R_r_1891']",1905.325408,1879.783845
Env_0036,"D-galactose, L-arginine, L-glycine","['R_r_1710', 'R_r_1810', 'R_r_1879']",1905.274457,1879.71428
Env_0037,"D-galactose, L-arginine, L-isoleucine","['R_r_1710', 'R_r_1879', 'R_r_1897']",1905.423815,1880.227531
Env_0038,"D-galactose, L-arginine, L-leucine","['R_r_1710', 'R_r_1879', 'R_r_1899']",1905.447829,1880.408278
Env_0039,"D-galactose, L-arginine, L-lysine","['R_r_1710', 'R_r_1879', 'R_r_1900']",1905.484573,1880.149385
Env_0040,"D-galactose, L-arginine, L-methionine","['R_r_1710', 'R_r_1879', 'R_r_1902']",1905.431979,1879.921605
Env_0041,"D-galactose, L-arginine, L-phenylalanine","['R_r_1710', 'R_r_1879', 'R_r_1903']",1906.09951,1879.90801
Env_0042,"D-galactose, L-arginine, L-serine","['R_r_1710', 'R_r_1879', 'R_r_1906']",1905.278986,1879.724908
Env_0043,"D-galactose, L-arginine, L-threonine","['R_r_1710', 'R_r_1879', 'R_r_1911']",1905.310689,1879.888193
Env_0044,"D-galactose, L-arginine, L-tryptophan","['R_r_1710', 'R_r_1879', 'R_r_1912']",1905.478362,1879.799412
Env_0045,"D-galactose, L-arginine, L-tyrosine","['R_r_1710', 'R_r_1879', 'R_r_1913']",1905.845095,1879.848289
Env_0046,"D-galactose, L-arginine, L-valine","['R_r_1710', 'R_r_1879', 'R_r_1914']",1905.317935,1879.76742
Env_0047,"D-galactose, L-asparagine, L-aspartate","['R_r_1710', 'R_r_1880', 'R_r_1881']",1905.178092,1857.257628
Env_0048,"D-galactose, L-asparagine, L-glutamate","['R_r_1710', 'R_r_1880', 'R_r_1889']",1905.405545,1857.29066
Env_0049,"D-galactose, L-asparagine, L-glutamine","['R_r_1710', 'R_r_1880', 'R_r_1891']",1905.854577,1858.399044
Env_0050,"D-galactose, L-asparagine, L-glycine","['R_r_1710', 'R_r_1810', 'R_r_1880']",1905.162694,1857.305938
Env_0051,"D-galactose, L-asparagine, L-isoleucine","['R_r_1710', 'R_r_1880', 'R_r_1897']",1905.301789,1857.664635
Env_0052,"D-galactose, L-asparagine, L-leucine","['R_r_1710', 'R_r_1880', 'R_r_1899']",1905.336511,1880.273393
Env_0053,"D-galactose, L-asparagine, L-lysine","['R_r_1710', 'R_r_1880', 'R_r_1900']",1905.37388,1857.609878
Env_0054,"D-galactose, L-asparagine, L-methionine","['R_r_1710', 'R_r_1880', 'R_r_1902']",1905.316291,1857.436784
Env_0055,"D-galactose, L-asparagine, L-phenylalanine","['R_r_1710', 'R_r_1880', 'R_r_1903']",1905.995101,1879.854931
Env_0056,"D-galactose, L-asparagine, L-serine","['R_r_1710', 'R_r_1880', 'R_r_1906']",1905.167223,1857.316566
Env_0057,"D-galactose, L-asparagine, L-threonine","['R_r_1710', 'R_r_1880', 'R_r_1911']",1905.193491,1857.387097
Env_0058,"D-galactose, L-asparagine, L-tryptophan","['R_r_1710', 'R_r_1880', 'R_r_1912']",1905.368206,1857.424821
Env_0059,"D-galactose, L-asparagine, L-tyrosine","['R_r_1710', 'R_r_1880', 'R_r_1913']",1905.73888,1879.7573
Env_0060,"D-galactose, L-asparagine, L-valine","['R_r_1710', 'R_r_1880', 'R_r_1914']",1905.329356,1857.71986
Env_0061,"D-galactose, L-aspartate, L-glutamate","['R_r_1710', 'R_r_1881', 'R_r_1889']",1906.05247,1880.200644
Env_0062,"D-galactose, L-aspartate, L-glutamine","['R_r_1710', 'R_r_1881', 'R_r_1891']",1905.841895,1858.338174
Env_0063,"D-galactose, L-aspartate, L-glycine","['R_r_1710', 'R_r_1810', 'R_r_1881']",1905.043158,1856.195329
Env_0064,"D-galactose, L-aspartate, L-isoleucine","['R_r_1710', 'R_r_1881', 'R_r_1897']",1905.17104,1878.955922
Env_0065,"D-galactose, L-aspartate, L-leucine","['R_r_1710', 'R_r_1881', 'R_r_1899']",1905.185426,1857.395552
Env_0066,"D-galactose, L-aspartate, L-lysine","['R_r_1710', 'R_r_1881', 'R_r_1900']",1905.243209,1856.825709
Env_0067,"D-galactose, L-aspartate, L-methionine","['R_r_1710', 'R_r_1881', 'R_r_1902']",1905.194396,1856.36468
Env_0068,"D-galactose, L-aspartate, L-phenylalanine","['R_r_1710', 'R_r_1881', 'R_r_1903']",1905.876947,1856.515549
Env_0069,"D-galactose, L-aspartate, L-serine","['R_r_1710', 'R_r_1881', 'R_r_1906']",1905.047687,1856.205957
Env_0070,"D-galactose, L-aspartate, L-threonine","['R_r_1710', 'R_r_1881', 'R_r_1911']",1905.114268,1856.683377
Env_0071,"D-galactose, L-aspartate, L-tryptophan","['R_r_1710', 'R_r_1881', 'R_r_1912']",1905.249829,1856.308724
Env_0072,"D-galactose, L-aspartate, L-tyrosine","['R_r_1710', 'R_r_1881', 'R_r_1913']",1905.619427,1856.424083
Env_0073,"D-galactose, L-aspartate, L-valine","['R_r_1710', 'R_r_1881', 'R_r_1914']",1905.183595,1857.105628
Env_0074,"D-galactose, L-glutamate, L-glutamine","['R_r_1710', 'R_r_1889', 'R_r_1891']",1905.860011,1858.358464
Env_0075,"D-galactose, L-glutamate, L-glycine","['R_r_1710', 'R_r_1810', 'R_r_1889']",1906.042506,1880.186152
Env_0076,"D-galactose, L-glutamate, L-isoleucine","['R_r_1710', 'R_r_1889', 'R_r_1897']",1906.15016,1880.731358
Env_0077,"D-galactose, L-glutamate, L-leucine","['R_r_1710', 'R_r_1889', 'R_r_1899']",1906.14576,1881.372169
Env_0078,"D-galactose, L-glutamate, L-lysine","['R_r_1710', 'R_r_1889', 'R_r_1900']",1906.153542,1880.555526
Env_0079,"D-galactose, L-glutamate, L-methionine","['R_r_1710', 'R_r_1889', 'R_r_1902']",1906.197131,1880.386505
Env_0080,"D-galactose, L-glutamate, L-phenylalanine","['R_r_1710', 'R_r_1889', 'R_r_1903']",1906.871075,1880.492615
Env_0081,"D-galactose, L-glutamate, L-serine","['R_r_1710', 'R_r_1889', 'R_r_1906']",1906.047035,1880.19678
Env_0082,"D-galactose, L-glutamate, L-threonine","['R_r_1710', 'R_r_1889', 'R_r_1911']",1906.067868,1880.330113
Env_0083,"D-galactose, L-glutamate, L-tryptophan","['R_r_1710', 'R_r_1889', 'R_r_1912']",1906.245575,1880.28226
Env_0084,"D-galactose, L-glutamate, L-tyrosine","['R_r_1710', 'R_r_1889', 'R_r_1913']",1906.618466,1880.414094
Env_0085,"D-galactose, L-glutamate, L-valine","['R_r_1710', 'R_r_1889', 'R_r_1914']",1906.095993,1881.028558
Env_0086,"D-galactose, L-glutamine, L-glycine","['R_r_1710', 'R_r_1810', 'R_r_1891']",1905.826497,1858.386483
Env_0087,"D-galactose, L-glutamine, L-isoleucine","['R_r_1710', 'R_r_1891', 'R_r_1897']",1905.955936,1858.724581
Env_0088,"D-galactose, L-glutamine, L-leucine","['R_r_1710', 'R_r_1891', 'R_r_1899']",1905.979856,1881.310294
Env_0089,"D-galactose, L-glutamine, L-lysine","['R_r_1710', 'R_r_1891', 'R_r_1900']",1905.972921,1858.574385
Env_0090,"D-galactose, L-glutamine, L-methionine","['R_r_1710', 'R_r_1891', 'R_r_1902']",1905.984542,1858.526819
Env_0091,"D-galactose, L-glutamine, L-phenylalanine","['R_r_1710', 'R_r_1891', 'R_r_1903']",1906.655373,1880.927943
Env_0092,"D-galactose, L-glutamine, L-serine","['R_r_1710', 'R_r_1891', 'R_r_1906']",1905.831026,1858.397111
Env_0093,"D-galactose, L-glutamine, L-threonine","['R_r_1710', 'R_r_1891', 'R_r_1911']",1905.857294,1858.467643
Env_0094,"D-galactose, L-glutamine, L-tryptophan","['R_r_1710', 'R_r_1891', 'R_r_1912']",1906.026736,1858.50372
Env_0095,"D-galactose, L-glutamine, L-tyrosine","['R_r_1710', 'R_r_1891', 'R_r_1913']",1906.402475,1880.837401
Env_0096,"D-galactose, L-glutamine, L-valine","['R_r_1710', 'R_r_1891', 'R_r_1914']",1905.945138,1858.697962
Env_0097,"D-galactose, L-glycine, L-isoleucine","['R_r_1710', 'R_r_1810', 'R_r_1897']",1904.25615,1923.810985
Env_0098,"D-galactose, L-glycine, L-leucine","['R_r_1710', 'R_r_1810', 'R_r_1899']",1904.297776,1923.907089
Env_0099,"D-galactose, L-glycine, L-lysine","['R_r_1710', 'R_r_1810', 'R_r_1900']",1904.39695,1923.661924
Env_0100,"D-galactose, L-glycine, L-methionine","['R_r_1710', 'R_r_1810', 'R_r_1902']",1904.242545,1923.418717
Env_0101,"D-galactose, L-glycine, L-phenylalanine","['R_r_1710', 'R_r_1810', 'R_r_1903']",1904.921858,1923.405251
Env_0102,"D-galactose, L-glycine, L-serine","['R_r_1710', 'R_r_1810', 'R_r_1906']",1904.339702,1923.794703
Env_0103,"D-galactose, L-glycine, L-threonine","['R_r_1710', 'R_r_1810', 'R_r_1911']",1904.229497,1923.87575
Env_0104,"D-galactose, L-glycine, L-tryptophan","['R_r_1710', 'R_r_1810', 'R_r_1912']",1904.299776,1923.2966
Env_0105,"D-galactose, L-glycine, L-tyrosine","['R_r_1710', 'R_r_1810', 'R_r_1913']",1904.662026,1923.345222
Env_0106,"D-galactose, L-glycine, L-valine","['R_r_1710', 'R_r_1810', 'R_r_1914']",1904.348186,1901.56184
Env_0107,"D-galactose, L-isoleucine, L-leucine","['R_r_1710', 'R_r_1897', 'R_r_1899']",1904.231586,1923.964524
Env_0108,"D-galactose, L-isoleucine, L-lysine","['R_r_1710', 'R_r_1897', 'R_r_1900']",1904.34326,1923.748692
Env_0109,"D-galactose, L-isoleucine, L-methionine","['R_r_1710', 'R_r_1897', 'R_r_1902']",1904.151499,1923.410374
Env_0110,"D-galactose, L-isoleucine, L-phenylalanine","['R_r_1710', 'R_r_1897', 'R_r_1903']",1904.848309,1923.445416
Env_0111,"D-galactose, L-isoleucine, L-serine","['R_r_1710', 'R_r_1897', 'R_r_1906']",1904.500606,1924.384642
Env_0112,"D-galactose, L-isoleucine, L-threonine","['R_r_1710', 'R_r_1897', 'R_r_1911']",1904.08945,1923.590339
Env_0113,"D-galactose, L-isoleucine, L-tryptophan","['R_r_1710', 'R_r_1897', 'R_r_1912']",1904.225977,1946.729311
Env_0114,"D-galactose, L-isoleucine, L-tyrosine","['R_r_1710', 'R_r_1897', 'R_r_1913']",1905.594325,1947.497292
Env_0115,"D-galactose, L-isoleucine, L-valine","['R_r_1710', 'R_r_1897', 'R_r_1914']",1904.293979,1902.636528
Env_0116,"D-galactose, L-leucine, L-lysine","['R_r_1710', 'R_r_1899', 'R_r_1900']",1904.389582,1923.855818
Env_0117,"D-galactose, L-leucine, L-methionine","['R_r_1710', 'R_r_1899', 'R_r_1902']",1904.211831,1923.557824
Env_0118,"D-galactose, L-leucine, L-phenylalanine","['R_r_1710', 'R_r_1899', 'R_r_1903']",1904.894631,1923.552542
Env_0119,"D-galactose, L-leucine, L-serine","['R_r_1710', 'R_r_1899', 'R_r_1906']",1904.537535,1924.469725
Env_0120,"D-galactose, L-leucine, L-threonine","['R_r_1710', 'R_r_1899', 'R_r_1911']",1904.213601,1924.049632
Env_0121,"D-galactose, L-leucine, L-tryptophan","['R_r_1710', 'R_r_1899', 'R_r_1912']",1904.2723,1946.813392
Env_0122,"D-galactose, L-leucine, L-tyrosine","['R_r_1710', 'R_r_1899', 'R_r_1913']",1905.620922,1947.567346
Env_0123,"D-galactose, L-leucine, L-valine","['R_r_1710', 'R_r_1899', 'R_r_1914']",1904.196348,1947.027155
Env_0124,"D-galactose, L-lysine, L-phenylalanine","['R_r_1710', 'R_r_1900', 'R_r_1903']",1731.644834,1877.507983
Env_0125,"D-galactose, L-lysine, L-serine","['R_r_1710', 'R_r_1900', 'R_r_1906']",1904.624209,1924.195226
Env_0126,"D-galactose, L-lysine, L-threonine","['R_r_1710', 'R_r_1900', 'R_r_1911']",1689.830104,1739.725858
Env_0127,"D-galactose, L-lysine, L-tryptophan","['R_r_1710', 'R_r_1900', 'R_r_1912']",1904.383973,1946.536227
Env_0128,"D-galactose, L-lysine, L-tyrosine","['R_r_1710', 'R_r_1900', 'R_r_1913']",1905.680096,1947.252847
Env_0129,"D-galactose, L-lysine, L-valine","['R_r_1710', 'R_r_1900', 'R_r_1914']",1904.451976,1924.75131
Env_0130,"D-galactose, L-methionine, L-phenylalanine","['R_r_1710', 'R_r_1902', 'R_r_1903']",1730.760459,1877.063892
Env_0131,"D-galactose, L-methionine, L-serine","['R_r_1710', 'R_r_1902', 'R_r_1906']",1904.493151,1924.006806
Env_0132,"D-galactose, L-methionine, L-threonine","['R_r_1710', 'R_r_1902', 'R_r_1911']",1687.970441,1738.195317
Env_0133,"D-galactose, L-methionine, L-tryptophan","['R_r_1710', 'R_r_1902', 'R_r_1912']",1904.206222,1946.352787
Env_0134,"D-galactose, L-methionine, L-tyrosine","['R_r_1710', 'R_r_1902', 'R_r_1913']",1905.6004,1947.139136
Env_0135,"D-galactose, L-methionine, L-valine","['R_r_1710', 'R_r_1902', 'R_r_1914']",1904.274224,1924.567871
Env_0136,"D-galactose, L-phenylalanine, L-serine","['R_r_1710', 'R_r_1903', 'R_r_1906']",1905.168977,1923.985158
Env_0137,"D-galactose, L-phenylalanine, L-threonine","['R_r_1710', 'R_r_1903', 'R_r_1911']",1731.210737,1877.64843
Env_0138,"D-galactose, L-phenylalanine, L-tryptophan","['R_r_1710', 'R_r_1903', 'R_r_1912']",1904.889022,1946.330395
Env_0139,"D-galactose, L-phenylalanine, L-tyrosine","['R_r_1710', 'R_r_1903', 'R_r_1913']",1906.268555,1924.884107
Env_0140,"D-galactose, L-phenylalanine, L-valine","['R_r_1710', 'R_r_1903', 'R_r_1914']",1904.964302,1924.629101
Env_0141,"D-galactose, L-serine, L-threonine","['R_r_1710', 'R_r_1906', 'R_r_1911']",1904.465284,1924.429065
Env_0142,"D-galactose, L-serine, L-tryptophan","['R_r_1710', 'R_r_1906', 'R_r_1912']",1904.547144,1923.877091
Env_0143,"D-galactose, L-serine, L-tyrosine","['R_r_1710', 'R_r_1906', 'R_r_1913']",1904.91059,1923.928519
Env_0144,"D-galactose, L-serine, L-valine","['R_r_1710', 'R_r_1906', 'R_r_1914']",1904.575961,1902.096354
Env_0145,"D-galactose, L-threonine, L-tryptophan","['R_r_1710', 'R_r_1911', 'R_r_1912']",1904.207992,1946.771885
Env_0146,"D-galactose, L-threonine, L-tyrosine","['R_r_1710', 'R_r_1911', 'R_r_1913']",1905.539933,1947.513976
Env_0147,"D-galactose, L-threonine, L-valine","['R_r_1710', 'R_r_1911', 'R_r_1914']",1904.275995,1924.986968
Env_0148,"D-galactose, L-tryptophan, L-tyrosine","['R_r_1710', 'R_r_1912', 'R_r_1913']",1905.64727,1946.99906
Env_0149,"D-galactose, L-tryptophan, L-valine","['R_r_1710', 'R_r_1912', 'R_r_1914']",1904.336237,1924.463807
Env_0150,"D-galactose, L-tyrosine, L-valine","['R_r_1710', 'R_r_1913', 'R_r_1914']",1905.638528,1925.22384
Env_0151,"D-galactose, ethanol, L-alanine","['R_r_1710', 'R_r_1761', 'R_r_1873']",1904.633181,1924.010806
Env_0152,"D-galactose, ethanol, L-arginine","['R_r_1710', 'R_r_1761', 'R_r_1879']",1905.280571,1879.707517
Env_0153,"D-galactose, ethanol, L-asparagine","['R_r_1710', 'R_r_1761', 'R_r_1880']",1905.168581,1857.273087
Env_0154,"D-galactose, ethanol, L-aspartate","['R_r_1710', 'R_r_1761', 'R_r_1881']",1905.04297,1856.196739
Env_0155,"D-galactose, ethanol, L-glutamate","['R_r_1710', 'R_r_1761', 'R_r_1889']",1906.056999,1880.233495
Env_0156,"D-galactose, ethanol, L-glutamine","['R_r_1710', 'R_r_1761', 'R_r_1891']",1905.842801,1858.375855
Env_0157,"D-galactose, ethanol, L-glycine","['R_r_1710', 'R_r_1761', 'R_r_1810']",1904.080178,1923.203464
Env_0158,"D-galactose, ethanol, L-isoleucine","['R_r_1710', 'R_r_1761', 'R_r_1897']",1904.000564,1923.229398
Env_0159,"D-galactose, ethanol, L-leucine","['R_r_1710', 'R_r_1761', 'R_r_1899']",1904.046886,1923.336523
Env_0160,"D-galactose, ethanol, L-phenylalanine","['R_r_1710', 'R_r_1761', 'R_r_1903']",1730.517508,1876.826462
Env_0161,"D-galactose, ethanol, L-serine","['R_r_1710', 'R_r_1761', 'R_r_1906']",1904.333361,1923.797601
Env_0162,"D-galactose, ethanol, L-threonine","['R_r_1710', 'R_r_1761', 'R_r_1911']",1687.337372,1737.733661
Env_0163,"D-galactose, ethanol, L-tryptophan","['R_r_1710', 'R_r_1761', 'R_r_1912']",1904.041278,1946.144132
Env_0164,"D-galactose, ethanol, L-tyrosine","['R_r_1710', 'R_r_1761', 'R_r_1913']",1905.446281,1946.938179
Env_0165,"D-galactose, ethanol, L-valine","['R_r_1710', 'R_r_1761', 'R_r_1914']",1904.10928,1924.359215
Env_0166,"D-galactose, glycerol, L-alanine","['R_r_1710', 'R_r_1808', 'R_r_1873']",1904.622689,1924.010753
Env_0167,"D-galactose, glycerol, L-arginine","['R_r_1710', 'R_r_1808', 'R_r_1879']",1905.266078,1879.704618
Env_0168,"D-galactose, glycerol, L-asparagine","['R_r_1710', 'R_r_1808', 'R_r_1880']",1905.154089,1857.270189
Env_0169,"D-galactose, glycerol, L-aspartate","['R_r_1710', 'R_r_1808', 'R_r_1881']",1905.030477,1856.178904
Env_0170,"D-galactose, glycerol, L-glutamate","['R_r_1710', 'R_r_1808', 'R_r_1889']",1906.045223,1880.210306
Env_0171,"D-galactose, glycerol, L-glutamine","['R_r_1710', 'R_r_1808', 'R_r_1891']",1905.828308,1858.372957
Env_0172,"D-galactose, glycerol, L-glycine","['R_r_1710', 'R_r_1808', 'R_r_1810']",1904.065685,1923.200565
Env_0173,"D-galactose, glycerol, L-isoleucine","['R_r_1710', 'R_r_1808', 'R_r_1897']",1903.986071,1923.226499
Env_0174,"D-galactose, glycerol, L-leucine","['R_r_1710', 'R_r_1808', 'R_r_1899']",1904.032394,1923.333625
Env_0175,"D-galactose, glycerol, L-phenylalanine","['R_r_1710', 'R_r_1808', 'R_r_1903']",1730.503016,1876.823564
Env_0176,"D-galactose, glycerol, L-serine","['R_r_1710', 'R_r_1808', 'R_r_1906']",1904.318869,1923.794703
Env_0177,"D-galactose, glycerol, L-threonine","['R_r_1710', 'R_r_1808', 'R_r_1911']",1687.297486,1737.718086
Env_0178,"D-galactose, glycerol, L-tryptophan","['R_r_1710', 'R_r_1808', 'R_r_1912']",1904.026785,1946.141234
Env_0179,"D-galactose, glycerol, L-tyrosine","['R_r_1710', 'R_r_1808', 'R_r_1913']",1905.431788,1946.93528
Env_0180,"D-galactose, glycerol, L-valine","['R_r_1710', 'R_r_1808', 'R_r_1914']",1904.094787,1924.356317
Env_0181,"D-glucose, L-alanine, L-arginine","['R_r_1714', 'R_r_1873', 'R_r_1879']",1905.28442,1879.728773
Env_0182,"D-glucose, L-alanine, L-asparagine","['R_r_1714', 'R_r_1873', 'R_r_1880']",1905.172658,1857.32043
Env_0183,"D-glucose, L-alanine, L-aspartate","['R_r_1714', 'R_r_1873', 'R_r_1881']",1905.053122,1856.209822
Env_0184,"D-glucose, L-alanine, L-glutamate","['R_r_1714', 'R_r_1873', 'R_r_1889']",1906.049752,1880.220934
Env_0185,"D-glucose, L-alanine, L-glutamine","['R_r_1714', 'R_r_1873', 'R_r_1891']",1905.836461,1858.400976
Env_0186,"D-glucose, L-alanine, L-glycine","['R_r_1714', 'R_r_1810', 'R_r_1873']",1904.638087,1924.006888
Env_0187,"D-glucose, L-alanine, L-isoleucine","['R_r_1714', 'R_r_1873', 'R_r_1897']",1904.784914,1924.586817
Env_0188,"D-glucose, L-alanine, L-leucine","['R_r_1714', 'R_r_1873', 'R_r_1899']",1904.794463,1924.652429
Env_0189,"D-glucose, L-alanine, L-lysine","['R_r_1714', 'R_r_1873', 'R_r_1900']",1904.8828,1924.379113
Env_0190,"D-glucose, L-alanine, L-methionine","['R_r_1714', 'R_r_1873', 'R_r_1902']",1904.793878,1924.220657
Env_0191,"D-glucose, L-alanine, L-phenylalanine","['R_r_1714', 'R_r_1873', 'R_r_1903']",1905.46552,1924.196033
Env_0192,"D-glucose, L-alanine, L-serine","['R_r_1714', 'R_r_1873', 'R_r_1906']",1904.642616,1924.017516
Env_0193,"D-glucose, L-alanine, L-threonine","['R_r_1714', 'R_r_1873', 'R_r_1911']",1904.74823,1924.630271
Env_0194,"D-glucose, L-alanine, L-tryptophan","['R_r_1714', 'R_r_1873', 'R_r_1912']",1904.843986,1924.088179
Env_0195,"D-glucose, L-alanine, L-tyrosine","['R_r_1714', 'R_r_1873', 'R_r_1913']",1905.208866,1924.140627
Env_0196,"D-glucose, L-alanine, L-valine","['R_r_1714', 'R_r_1873', 'R_r_1914']",1904.820237,1902.270062
Env_0197,"D-glucose, L-arginine, L-asparagine","['R_r_1714', 'R_r_1879', 'R_r_1880']",1905.326314,1879.799304
Env_0198,"D-glucose, L-arginine, L-aspartate","['R_r_1714', 'R_r_1879', 'R_r_1881']",1905.29529,1879.758724
Env_0199,"D-glucose, L-arginine, L-glutamate","['R_r_1714', 'R_r_1879', 'R_r_1889']",1905.313406,1879.779014
Env_0200,"D-glucose, L-arginine, L-glutamine","['R_r_1714', 'R_r_1879', 'R_r_1891']",1905.325408,1879.783845
Env_0201,"D-glucose, L-arginine, L-glycine","['R_r_1714', 'R_r_1810', 'R_r_1879']",1905.274457,1879.71428
Env_0202,"D-glucose, L-arginine, L-isoleucine","['R_r_1714', 'R_r_1879', 'R_r_1897']",1905.423815,1880.227531
Env_0203,"D-glucose, L-arginine, L-leucine","['R_r_1714', 'R_r_1879', 'R_r_1899']",1905.447829,1880.408278
Env_0204,"D-glucose, L-arginine, L-lysine","['R_r_1714', 'R_r_1879', 'R_r_1900']",1905.484573,1880.149385
Env_0205,"D-glucose, L-arginine, L-methionine","['R_r_1714', 'R_r_1879', 'R_r_1902']",1905.431979,1879.921605
Env_0206,"D-glucose, L-arginine, L-phenylalanine","['R_r_1714', 'R_r_1879', 'R_r_1903']",1906.09951,1879.90801
Env_0207,"D-glucose, L-arginine, L-serine","['R_r_1714', 'R_r_1879', 'R_r_1906']",1905.278986,1879.724908
Env_0208,"D-glucose, L-arginine, L-threonine","['R_r_1714', 'R_r_1879', 'R_r_1911']",1905.310689,1879.888193
Env_0209,"D-glucose, L-arginine, L-tryptophan","['R_r_1714', 'R_r_1879', 'R_r_1912']",1905.478362,1879.799412
Env_0210,"D-glucose, L-arginine, L-tyrosine","['R_r_1714', 'R_r_1879', 'R_r_1913']",1905.845095,1879.848289
Env_0211,"D-glucose, L-arginine, L-valine","['R_r_1714', 'R_r_1879', 'R_r_1914']",1905.317935,1879.76742
Env_0212,"D-glucose, L-asparagine, L-aspartate","['R_r_1714', 'R_r_1880', 'R_r_1881']",1905.178092,1857.257628
Env_0213,"D-glucose, L-asparagine, L-glutamate","['R_r_1714', 'R_r_1880', 'R_r_1889']",1905.405545,1857.29066
Env_0214,"D-glucose, L-asparagine, L-glutamine","['R_r_1714', 'R_r_1880', 'R_r_1891']",1905.854577,1858.399044
Env_0215,"D-glucose, L-asparagine, L-glycine","['R_r_1714', 'R_r_1810', 'R_r_1880']",1905.162694,1857.305938
Env_0216,"D-glucose, L-asparagine, L-isoleucine","['R_r_1714', 'R_r_1880', 'R_r_1897']",1905.301789,1857.664635
Env_0217,"D-glucose, L-asparagine, L-leucine","['R_r_1714', 'R_r_1880', 'R_r_1899']",1905.336511,1880.273393
Env_0218,"D-glucose, L-asparagine, L-lysine","['R_r_1714', 'R_r_1880', 'R_r_1900']",1905.37388,1857.609878
Env_0219,"D-glucose, L-asparagine, L-methionine","['R_r_1714', 'R_r_1880', 'R_r_1902']",1905.316291,1857.436784
Env_0220,"D-glucose, L-asparagine, L-phenylalanine","['R_r_1714', 'R_r_1880', 'R_r_1903']",1905.995101,1879.854931
Env_0221,"D-glucose, L-asparagine, L-serine","['R_r_1714', 'R_r_1880', 'R_r_1906']",1905.167223,1857.316566
Env_0222,"D-glucose, L-asparagine, L-threonine","['R_r_1714', 'R_r_1880', 'R_r_1911']",1905.193491,1857.387097
Env_0223,"D-glucose, L-asparagine, L-tryptophan","['R_r_1714', 'R_r_1880', 'R_r_1912']",1905.368206,1857.424821
Env_0224,"D-glucose, L-asparagine, L-tyrosine","['R_r_1714', 'R_r_1880', 'R_r_1913']",1905.73888,1879.7573
Env_0225,"D-glucose, L-asparagine, L-valine","['R_r_1714', 'R_r_1880', 'R_r_1914']",1905.329356,1857.71986
Env_0226,"D-glucose, L-aspartate, L-glutamate","['R_r_1714', 'R_r_1881', 'R_r_1889']",1906.05247,1880.200644
Env_0227,"D-glucose, L-aspartate, L-glutamine","['R_r_1714', 'R_r_1881', 'R_r_1891']",1905.841895,1858.338174
Env_0228,"D-glucose, L-aspartate, L-glycine","['R_r_1714', 'R_r_1810', 'R_r_1881']",1905.043158,1856.195329
Env_0229,"D-glucose, L-aspartate, L-isoleucine","['R_r_1714', 'R_r_1881', 'R_r_1897']",1905.17104,1878.955922
Env_0230,"D-glucose, L-aspartate, L-leucine","['R_r_1714', 'R_r_1881', 'R_r_1899']",1905.185426,1857.395552
Env_0231,"D-glucose, L-aspartate, L-lysine","['R_r_1714', 'R_r_1881', 'R_r_1900']",1905.243209,1856.825709
Env_0232,"D-glucose, L-aspartate, L-methionine","['R_r_1714', 'R_r_1881', 'R_r_1902']",1905.194396,1856.36468
Env_0233,"D-glucose, L-aspartate, L-phenylalanine","['R_r_1714', 'R_r_1881', 'R_r_1903']",1905.876947,1856.515549
Env_0234,"D-glucose, L-aspartate, L-serine","['R_r_1714', 'R_r_1881', 'R_r_1906']",1905.047687,1856.205957
Env_0235,"D-glucose, L-aspartate, L-threonine","['R_r_1714', 'R_r_1881', 'R_r_1911']",1905.114268,1856.683377
Env_0236,"D-glucose, L-aspartate, L-tryptophan","['R_r_1714', 'R_r_1881', 'R_r_1912']",1905.249829,1856.308724
Env_0237,"D-glucose, L-aspartate, L-tyrosine","['R_r_1714', 'R_r_1881', 'R_r_1913']",1905.619427,1856.424083
Env_0238,"D-glucose, L-aspartate, L-valine","['R_r_1714', 'R_r_1881', 'R_r_1914']",1905.183595,1857.105628
Env_0239,"D-glucose, L-glutamate, L-glutamine","['R_r_1714', 'R_r_1889', 'R_r_1891']",1905.860011,1858.358464
Env_0240,"D-glucose, L-glutamate, L-glycine","['R_r_1714', 'R_r_1810', 'R_r_1889']",1906.042506,1880.186152
Env_0241,"D-glucose, L-glutamate, L-isoleucine","['R_r_1714', 'R_r_1889', 'R_r_1897']",1906.15016,1880.731358
Env_0242,"D-glucose, L-glutamate, L-leucine","['R_r_1714', 'R_r_1889', 'R_r_1899']",1906.14576,1881.372169
Env_0243,"D-glucose, L-glutamate, L-lysine","['R_r_1714', 'R_r_1889', 'R_r_1900']",1906.153542,1880.555526
Env_0244,"D-glucose, L-glutamate, L-methionine","['R_r_1714', 'R_r_1889', 'R_r_1902']",1906.197131,1880.386505
Env_0245,"D-glucose, L-glutamate, L-phenylalanine","['R_r_1714', 'R_r_1889', 'R_r_1903']",1906.871075,1880.492616
Env_0246,"D-glucose, L-glutamate, L-serine","['R_r_1714', 'R_r_1889', 'R_r_1906']",1906.047035,1880.19678
Env_0247,"D-glucose, L-glutamate, L-threonine","['R_r_1714', 'R_r_1889', 'R_r_1911']",1906.067868,1880.330113
Env_0248,"D-glucose, L-glutamate, L-tryptophan","['R_r_1714', 'R_r_1889', 'R_r_1912']",1906.245575,1880.28226
Env_0249,"D-glucose, L-glutamate, L-tyrosine","['R_r_1714', 'R_r_1889', 'R_r_1913']",1906.618466,1880.414094
Env_0250,"D-glucose, L-glutamate, L-valine","['R_r_1714', 'R_r_1889', 'R_r_1914']",1906.095993,1881.028558
Env_0251,"D-glucose, L-glutamine, L-glycine","['R_r_1714', 'R_r_1810', 'R_r_1891']",1905.826497,1858.386483
Env_0252,"D-glucose, L-glutamine, L-isoleucine","['R_r_1714', 'R_r_1891', 'R_r_1897']",1905.955936,1858.724581
Env_0253,"D-glucose, L-glutamine, L-leucine","['R_r_1714', 'R_r_1891', 'R_r_1899']",1905.979856,1881.310294
Env_0254,"D-glucose, L-glutamine, L-lysine","['R_r_1714', 'R_r_1891', 'R_r_1900']",1905.972921,1858.574385
Env_0255,"D-glucose, L-glutamine, L-methionine","['R_r_1714', 'R_r_1891', 'R_r_1902']",1905.984542,1858.526819
Env_0256,"D-glucose, L-glutamine, L-phenylalanine","['R_r_1714', 'R_r_1891', 'R_r_1903']",1906.655373,1880.927943
Env_0257,"D-glucose, L-glutamine, L-serine","['R_r_1714', 'R_r_1891', 'R_r_1906']",1905.831026,1858.397111
Env_0258,"D-glucose, L-glutamine, L-threonine","['R_r_1714', 'R_r_1891', 'R_r_1911']",1905.857294,1858.467643
Env_0259,"D-glucose, L-glutamine, L-tryptophan","['R_r_1714', 'R_r_1891', 'R_r_1912']",1906.026736,1858.50372
Env_0260,"D-glucose, L-glutamine, L-tyrosine","['R_r_1714', 'R_r_1891', 'R_r_1913']",1906.402475,1880.837401
Env_0261,"D-glucose, L-glutamine, L-valine","['R_r_1714', 'R_r_1891', 'R_r_1914']",1905.945138,1858.697962
Env_0262,"D-glucose, L-glycine, L-isoleucine","['R_r_1714', 'R_r_1810', 'R_r_1897']",1904.25615,1923.810985
Env_0263,"D-glucose, L-glycine, L-leucine","['R_r_1714', 'R_r_1810', 'R_r_1899']",1904.297776,1923.907089
Env_0264,"D-glucose, L-glycine, L-lysine","['R_r_1714', 'R_r_1810', 'R_r_1900']",1904.39695,1923.661924
Env_0265,"D-glucose, L-glycine, L-methionine","['R_r_1714', 'R_r_1810', 'R_r_1902']",1904.242545,1923.418717
Env_0266,"D-glucose, L-glycine, L-phenylalanine","['R_r_1714', 'R_r_1810', 'R_r_1903']",1904.921858,1923.405251
Env_0267,"D-glucose, L-glycine, L-serine","['R_r_1714', 'R_r_1810', 'R_r_1906']",1904.339702,1923.794703
Env_0268,"D-glucose, L-glycine, L-threonine","['R_r_1714', 'R_r_1810', 'R_r_1911']",1904.229497,1923.87575
Env_0269,"D-glucose, L-glycine, L-tryptophan","['R_r_1714', 'R_r_1810', 'R_r_1912']",1904.299776,1923.2966
Env_0270,"D-glucose, L-glycine, L-tyrosine","['R_r_1714', 'R_r_1810', 'R_r_1913']",1904.662026,1923.345222
Env_0271,"D-glucose, L-glycine, L-valine","['R_r_1714', 'R_r_1810', 'R_r_1914']",1904.348186,1901.56184
Env_0272,"D-glucose, L-isoleucine, L-leucine","['R_r_1714', 'R_r_1897', 'R_r_1899']",1904.231586,1923.964524
Env_0273,"D-glucose, L-isoleucine, L-lysine","['R_r_1714', 'R_r_1897', 'R_r_1900']",1904.34326,1923.748692
Env_0274,"D-glucose, L-isoleucine, L-methionine","['R_r_1714', 'R_r_1897', 'R_r_1902']",1904.151499,1923.410374
Env_0275,"D-glucose, L-isoleucine, L-phenylalanine","['R_r_1714', 'R_r_1897', 'R_r_1903']",1904.848309,1923.445416
Env_0276,"D-glucose, L-isoleucine, L-serine","['R_r_1714', 'R_r_1897', 'R_r_1906']",1904.500606,1924.384642
Env_0277,"D-glucose, L-isoleucine, L-threonine","['R_r_1714', 'R_r_1897', 'R_r_1911']",1904.08945,1923.590339
Env_0278,"D-glucose, L-isoleucine, L-tryptophan","['R_r_1714', 'R_r_1897', 'R_r_1912']",1904.225977,1946.729311
Env_0279,"D-glucose, L-isoleucine, L-tyrosine","['R_r_1714', 'R_r_1897', 'R_r_1913']",1905.594325,1947.497292
Env_0280,"D-glucose, L-isoleucine, L-valine","['R_r_1714', 'R_r_1897', 'R_r_1914']",1904.293979,1902.636528
Env_0281,"D-glucose, L-leucine, L-lysine","['R_r_1714', 'R_r_1899', 'R_r_1900']",1904.389582,1923.855818
Env_0282,"D-glucose, L-leucine, L-methionine","['R_r_1714', 'R_r_1899', 'R_r_1902']",1904.211831,1923.557824
Env_0283,"D-glucose, L-leucine, L-phenylalanine","['R_r_1714', 'R_r_1899', 'R_r_1903']",1904.894631,1923.552542
Env_0284,"D-glucose, L-leucine, L-serine","['R_r_1714', 'R_r_1899', 'R_r_1906']",1904.537535,1924.469725
Env_0285,"D-glucose, L-leucine, L-threonine","['R_r_1714', 'R_r_1899', 'R_r_1911']",1904.213601,1924.049632
Env_0286,"D-glucose, L-leucine, L-tryptophan","['R_r_1714', 'R_r_1899', 'R_r_1912']",1904.2723,1946.813392
Env_0287,"D-glucose, L-leucine, L-tyrosine","['R_r_1714', 'R_r_1899', 'R_r_1913']",1905.620922,1947.567346
Env_0288,"D-glucose, L-leucine, L-valine","['R_r_1714', 'R_r_1899', 'R_r_1914']",1904.196348,1947.027155
Env_0289,"D-glucose, L-lysine, L-phenylalanine","['R_r_1714', 'R_r_1900', 'R_r_1903']",1731.644834,1877.507983
Env_0290,"D-glucose, L-lysine, L-serine","['R_r_1714', 'R_r_1900', 'R_r_1906']",1904.624209,1924.195226
Env_0291,"D-glucose, L-lysine, L-threonine","['R_r_1714', 'R_r_1900', 'R_r_1911']",1689.830104,1739.725858
Env_0292,"D-glucose, L-lysine, L-tryptophan","['R_r_1714', 'R_r_1900', 'R_r_1912']",1904.383973,1946.536227
Env_0293,"D-glucose, L-lysine, L-tyrosine","['R_r_1714', 'R_r_1900', 'R_r_1913']",1905.680096,1947.252847
Env_0294,"D-glucose, L-lysine, L-valine","['R_r_1714', 'R_r_1900', 'R_r_1914']",1904.451976,1924.75131
Env_0295,"D-glucose, L-methionine, L-phenylalanine","['R_r_1714', 'R_r_1902', 'R_r_1903']",1730.760459,1877.063892
Env_0296,"D-glucose, L-methionine, L-serine","['R_r_1714', 'R_r_1902', 'R_r_1906']",1904.493151,1924.006806
Env_0297,"D-glucose, L-methionine, L-threonine","['R_r_1714', 'R_r_1902', 'R_r_1911']",1687.970441,1738.195317
Env_0298,"D-glucose, L-methionine, L-tryptophan","['R_r_1714', 'R_r_1902', 'R_r_1912']",1904.206222,1946.352787
Env_0299,"D-glucose, L-methionine, L-tyrosine","['R_r_1714', 'R_r_1902', 'R_r_1913']",1905.6004,1947.139136
Env_0300,"D-glucose, L-methionine, L-valine","['R_r_1714', 'R_r_1902', 'R_r_1914']",1904.274224,1924.567871
Env_0301,"D-glucose, L-phenylalanine, L-serine","['R_r_1714', 'R_r_1903', 'R_r_1906']",1905.168977,1923.985158
Env_0302,"D-glucose, L-phenylalanine, L-threonine","['R_r_1714', 'R_r_1903', 'R_r_1911']",1731.210737,1877.64843
Env_0303,"D-glucose, L-phenylalanine, L-tryptophan","['R_r_1714', 'R_r_1903', 'R_r_1912']",1904.889022,1946.330395
Env_0304,"D-glucose, L-phenylalanine, L-tyrosine","['R_r_1714', 'R_r_1903', 'R_r_1913']",1906.268555,1924.884107
Env_0305,"D-glucose, L-phenylalanine, L-valine","['R_r_1714', 'R_r_1903', 'R_r_1914']",1904.964302,1924.629101
Env_0306,"D-glucose, L-serine, L-threonine","['R_r_1714', 'R_r_1906', 'R_r_1911']",1904.465284,1924.429065
Env_0307,"D-glucose, L-serine, L-tryptophan","['R_r_1714', 'R_r_1906', 'R_r_1912']",1904.547144,1923.877091
Env_0308,"D-glucose, L-serine, L-tyrosine","['R_r_1714', 'R_r_1906', 'R_r_1913']",1904.91059,1923.928519
Env_0309,"D-glucose, L-serine, L-valine","['R_r_1714', 'R_r_1906', 'R_r_1914']",1904.575961,1902.096354
Env_0310,"D-glucose, L-threonine, L-tryptophan","['R_r_1714', 'R_r_1911', 'R_r_1912']",1904.207992,1946.771885
Env_0311,"D-glucose, L-threonine, L-tyrosine","['R_r_1714', 'R_r_1911', 'R_r_1913']",1905.539933,1947.513976
Env_0312,"D-glucose, L-threonine, L-valine","['R_r_1714', 'R_r_1911', 'R_r_1914']",1904.275995,1924.986968
Env_0313,"D-glucose, L-tryptophan, L-tyrosine","['R_r_1714', 'R_r_1912', 'R_r_1913']",1905.64727,1946.99906
Env_0314,"D-glucose, L-tryptophan, L-valine","['R_r_1714', 'R_r_1912', 'R_r_1914']",1904.336237,1924.463807
Env_0315,"D-glucose, L-tyrosine, L-valine","['R_r_1714', 'R_r_1913', 'R_r_1914']",1905.638528,1925.22384
Env_0316,"D-glucose, ethanol, L-alanine","['R_r_1714', 'R_r_1761', 'R_r_1873']",1904.633181,1924.010806
Env_0317,"D-glucose, ethanol, L-arginine","['R_r_1714', 'R_r_1761', 'R_r_1879']",1905.280571,1879.707517
Env_0318,"D-glucose, ethanol, L-asparagine","['R_r_1714', 'R_r_1761', 'R_r_1880']",1905.168581,1857.273087
Env_0319,"D-glucose, ethanol, L-aspartate","['R_r_1714', 'R_r_1761', 'R_r_1881']",1905.04297,1856.196739
Env_0320,"D-glucose, ethanol, L-glutamate","['R_r_1714', 'R_r_1761', 'R_r_1889']",1906.056999,1880.233495
Env_0321,"D-glucose, ethanol, L-glutamine","['R_r_1714', 'R_r_1761', 'R_r_1891']",1905.842801,1858.375855
Env_0322,"D-glucose, ethanol, L-glycine","['R_r_1714', 'R_r_1761', 'R_r_1810']",1904.080178,1923.203464
Env_0323,"D-glucose, ethanol, L-isoleucine","['R_r_1714', 'R_r_1761', 'R_r_1897']",1904.000564,1923.229398
Env_0324,"D-glucose, ethanol, L-leucine","['R_r_1714', 'R_r_1761', 'R_r_1899']",1904.046886,1923.336523
Env_0325,"D-glucose, ethanol, L-phenylalanine","['R_r_1714', 'R_r_1761', 'R_r_1903']",1730.517508,1876.826462
Env_0326,"D-glucose, ethanol, L-serine","['R_r_1714', 'R_r_1761', 'R_r_1906']",1904.333361,1923.797601
Env_0327,"D-glucose, ethanol, L-threonine","['R_r_1714', 'R_r_1761', 'R_r_1911']",1687.337372,1737.733661
Env_0328,"D-glucose, ethanol, L-tryptophan","['R_r_1714', 'R_r_1761', 'R_r_1912']",1904.041278,1946.144132
Env_0329,"D-glucose, ethanol, L-tyrosine","['R_r_1714', 'R_r_1761', 'R_r_1913']",1905.446281,1946.938179
Env_0330,"D-glucose, ethanol, L-valine","['R_r_1714', 'R_r_1761', 'R_r_1914']",1904.10928,1924.359215
Env_0331,"D-glucose, glycerol, L-alanine","['R_r_1714', 'R_r_1808', 'R_r_1873']",1904.622689,1924.010753
Env_0332,"D-glucose, glycerol, L-arginine","['R_r_1714', 'R_r_1808', 'R_r_1879']",1905.266078,1879.704618
Env_0333,"D-glucose, glycerol, L-asparagine","['R_r_1714', 'R_r_1808', 'R_r_1880']",1905.154089,1857.270189
Env_0334,"D-glucose, glycerol, L-aspartate","['R_r_1714', 'R_r_1808', 'R_r_1881']",1905.030477,1856.178904
Env_0335,"D-glucose, glycerol, L-glutamate","['R_r_1714', 'R_r_1808', 'R_r_1889']",1906.045223,1880.210306
Env_0336,"D-glucose, glycerol, L-glutamine","['R_r_1714', 'R_r_1808', 'R_r_1891']",1905.828308,1858.372957
Env_0337,"D-glucose, glycerol, L-glycine","['R_r_1714', 'R_r_1808', 'R_r_1810']",1904.065685,1923.200565
Env_0338,"D-glucose, glycerol, L-isoleucine","['R_r_1714', 'R_r_1808', 'R_r_1897']",1903.986071,1923.226499
Env_0339,"D-glucose, glycerol, L-leucine","['R_r_1714', 'R_r_1808', 'R_r_1899']",1904.032394,1923.333625
Env_0340,"D-glucose, glycerol, L-phenylalanine","['R_r_1714', 'R_r_1808', 'R_r_1903']",1730.503016,1876.823564
Env_0341,"D-glucose, glycerol, L-serine","['R_r_1714', 'R_r_1808', 'R_r_1906']",1904.318869,1923.794703
Env_0342,"D-glucose, glycerol, L-threonine","['R_r_1714', 'R_r_1808', 'R_r_1911']",1687.297486,1737.718086
Env_0343,"D-glucose, glycerol, L-tryptophan","['R_r_1714', 'R_r_1808', 'R_r_1912']",1904.026785,1946.141234
Env_0344,"D-glucose, glycerol, L-tyrosine","['R_r_1714', 'R_r_1808', 'R_r_1913']",1905.431788,1946.93528
Env_0345,"D-glucose, glycerol, L-valine","['R_r_1714', 'R_r_1808', 'R_r_1914']",1904.094787,1924.356317
Env_0346,"L-alanine, L-arginine, L-asparagine","['R_r_1873', 'R_r_1879', 'R_r_1880']",1703.516242,1748.854896
Env_0347,"L-alanine, L-arginine, L-aspartate","['R_r_1873', 'R_r_1879', 'R_r_1881']",1703.609992,1748.888229
Env_0348,"L-alanine, L-arginine, L-glutamate","['R_r_1873', 'R_r_1879', 'R_r_1889']",1703.570692,1748.866512
Env_0349,"L-alanine, L-arginine, L-glutamine","['R_r_1873', 'R_r_1879', 'R_r_1891']",1705.161326,1749.898007
Env_0350,"L-alanine, L-arginine, L-glycine","['R_r_1810', 'R_r_1873', 'R_r_1879']",1703.462264,1748.781159
Env_0351,"L-alanine, L-arginine, L-serine","['R_r_1873', 'R_r_1879', 'R_r_1906']",1703.733098,1748.936714
Env_0352,"L-alanine, L-asparagine, L-aspartate","['R_r_1873', 'R_r_1880', 'R_r_1881']",1918.311865,1886.761874
Env_0353,"L-alanine, L-asparagine, L-glutamate","['R_r_1873', 'R_r_1880', 'R_r_1889']",1910.537004,1861.193924
Env_0354,"L-alanine, L-asparagine, L-glutamine","['R_r_1873', 'R_r_1880', 'R_r_1891']",1916.804128,1864.484475
Env_0355,"L-alanine, L-asparagine, L-glycine","['R_r_1810', 'R_r_1873', 'R_r_1880']",1918.311865,1886.761874
Env_0356,"L-alanine, L-asparagine, L-isoleucine","['R_r_1873', 'R_r_1880', 'R_r_1897']",1918.311865,1887.187163
Env_0357,"L-alanine, L-asparagine, L-leucine","['R_r_1873', 'R_r_1880', 'R_r_1899']",1918.311865,1887.947474
Env_0358,"L-alanine, L-asparagine, L-lysine","['R_r_1873', 'R_r_1880', 'R_r_1900']",1918.311865,1887.334274
Env_0359,"L-alanine, L-asparagine, L-methionine","['R_r_1873', 'R_r_1880', 'R_r_1902']",1918.33617,1886.852739
Env_0360,"L-alanine, L-asparagine, L-phenylalanine","['R_r_1873', 'R_r_1880', 'R_r_1903']",1918.81399,1886.880896
Env_0361,"L-alanine, L-asparagine, L-serine","['R_r_1873', 'R_r_1880', 'R_r_1906']",1918.311865,1886.761874
Env_0362,"L-alanine, L-asparagine, L-threonine","['R_r_1873', 'R_r_1880', 'R_r_1911']",1918.311865,1887.185718
Env_0363,"L-alanine, L-asparagine, L-tryptophan","['R_r_1873', 'R_r_1880', 'R_r_1912']",1918.418365,1886.79974
Env_0364,"L-alanine, L-asparagine, L-tyrosine","['R_r_1873', 'R_r_1880', 'R_r_1913']",1918.651865,1886.85254
Env_0365,"L-alanine, L-asparagine, L-valine","['R_r_1873', 'R_r_1880', 'R_r_1914']",1918.311865,1887.63454
Env_0366,"L-alanine, L-aspartate, L-glutamate","['R_r_1873', 'R_r_1881', 'R_r_1889']",1910.474184,1861.145719
Env_0367,"L-alanine, L-aspartate, L-glutamine","['R_r_1873', 'R_r_1881', 'R_r_1891']",1916.753623,1864.440031
Env_0368,"L-alanine, L-aspartate, L-glycine","['R_r_1810', 'R_r_1873', 'R_r_1881']",1910.14197,1882.381996
Env_0369,"L-alanine, L-aspartate, L-isoleucine","['R_r_1873', 'R_r_1881', 'R_r_1897']",1910.149684,1882.811399
Env_0370,"L-alanine, L-aspartate, L-leucine","['R_r_1873', 'R_r_1881', 'R_r_1899']",1910.134253,1883.563481
Env_0371,"L-alanine, L-aspartate, L-lysine","['R_r_1873', 'R_r_1881', 'R_r_1900']",1910.275788,1883.025766
Env_0372,"L-alanine, L-aspartate, L-methionine","['R_r_1873', 'R_r_1881', 'R_r_1902']",1910.231721,1882.507766
Env_0373,"L-alanine, L-aspartate, L-phenylalanine","['R_r_1873', 'R_r_1881', 'R_r_1903']",1910.846847,1882.609153
Env_0374,"L-alanine, L-aspartate, L-serine","['R_r_1873', 'R_r_1881', 'R_r_1906']",1910.133249,1882.377345
Env_0375,"L-alanine, L-aspartate, L-threonine","['R_r_1873', 'R_r_1881', 'R_r_1911']",1910.132891,1882.800999
Env_0376,"L-alanine, L-aspartate, L-tryptophan","['R_r_1873', 'R_r_1881', 'R_r_1912']",1910.332032,1882.464429
Env_0377,"L-alanine, L-aspartate, L-tyrosine","['R_r_1873', 'R_r_1881', 'R_r_1913']",1910.621427,1882.54704
Env_0378,"L-alanine, L-aspartate, L-valine","['R_r_1873', 'R_r_1881', 'R_r_1914']",1910.104508,1883.234684
Env_0379,"L-alanine, L-glutamate, L-glutamine","['R_r_1873', 'R_r_1889', 'R_r_1891']",1916.740997,1864.417809
Env_0380,"L-alanine, L-glutamate, L-glycine","['R_r_1810', 'R_r_1873', 'R_r_1889']",1910.479312,1861.139223
Env_0381,"L-alanine, L-glutamate, L-isoleucine","['R_r_1873', 'R_r_1889', 'R_r_1897']",1910.484199,1883.894388
Env_0382,"L-alanine, L-glutamate, L-leucine","['R_r_1873', 'R_r_1889', 'R_r_1899']",1910.455825,1884.640593
Env_0383,"L-alanine, L-glutamate, L-lysine","['R_r_1873', 'R_r_1889', 'R_r_1900']",1910.603248,1883.851619
Env_0384,"L-alanine, L-glutamate, L-methionine","['R_r_1873', 'R_r_1889', 'R_r_1902']",1910.568247,1861.327964
Env_0385,"L-alanine, L-glutamate, L-phenylalanine","['R_r_1873', 'R_r_1889', 'R_r_1903']",1911.175225,1883.656289
Env_0386,"L-alanine, L-glutamate, L-serine","['R_r_1873', 'R_r_1889', 'R_r_1906']",1910.470338,1861.145035
Env_0387,"L-alanine, L-glutamate, L-threonine","['R_r_1873', 'R_r_1889', 'R_r_1911']",1910.472902,1861.264009
Env_0388,"L-alanine, L-glutamate, L-tryptophan","['R_r_1873', 'R_r_1889', 'R_r_1912']",1910.668517,1861.228563
Env_0389,"L-alanine, L-glutamate, L-tyrosine","['R_r_1873', 'R_r_1889', 'R_r_1913']",1910.952133,1861.336761
Env_0390,"L-alanine, L-glutamate, L-valine","['R_r_1873', 'R_r_1889', 'R_r_1914']",1910.424479,1884.310942
Env_0391,"L-alanine, L-glutamine, L-glycine","['R_r_1810', 'R_r_1873', 'R_r_1891']",1916.7713,1864.440031
Env_0392,"L-alanine, L-glutamine, L-isoleucine","['R_r_1873', 'R_r_1891', 'R_r_1897']",1916.650944,1864.908142
Env_0393,"L-alanine, L-glutamine, L-leucine","['R_r_1873', 'R_r_1891', 'R_r_1899']",1916.565603,1887.899141
Env_0394,"L-alanine, L-glutamine, L-lysine","['R_r_1873', 'R_r_1891', 'R_r_1900']",1916.706777,1887.106834
Env_0395,"L-alanine, L-glutamine, L-methionine","['R_r_1873', 'R_r_1891', 'R_r_1902']",1916.823944,1864.609987
Env_0396,"L-alanine, L-glutamine, L-phenylalanine","['R_r_1873', 'R_r_1891', 'R_r_1903']",1917.342271,1864.668157
Env_0397,"L-alanine, L-glutamine, L-serine","['R_r_1873', 'R_r_1891', 'R_r_1906']",1916.751098,1864.440031
Env_0398,"L-alanine, L-glutamine, L-threonine","['R_r_1873', 'R_r_1891', 'R_r_1911']",1916.738471,1864.551142
Env_0399,"L-alanine, L-glutamine, L-tryptophan","['R_r_1873', 'R_r_1891', 'R_r_1912']",1916.932956,1864.515764
Env_0400,"L-alanine, L-glutamine, L-tyrosine","['R_r_1873', 'R_r_1891', 'R_r_1913']",1917.157436,1864.591142
Env_0401,"L-alanine, L-glutamine, L-valine","['R_r_1873', 'R_r_1891', 'R_r_1914']",1916.43558,1887.516862
Env_0402,"L-alanine, L-glycine, L-isoleucine","['R_r_1810', 'R_r_1873', 'R_r_1897']",1908.828842,1901.623284
Env_0403,"L-alanine, L-glycine, L-leucine","['R_r_1810', 'R_r_1873', 'R_r_1899']",1908.815364,1901.725668
Env_0404,"L-alanine, L-glycine, L-lysine","['R_r_1810', 'R_r_1873', 'R_r_1900']",1908.968583,1901.479176
Env_0405,"L-alanine, L-glycine, L-methionine","['R_r_1810', 'R_r_1873', 'R_r_1902']",1908.893166,1901.321878
Env_0406,"L-alanine, L-glycine, L-phenylalanine","['R_r_1810', 'R_r_1873', 'R_r_1903']",1909.531689,1901.396672
Env_0407,"L-alanine, L-glycine, L-serine","['R_r_1810', 'R_r_1873', 'R_r_1906']",1908.788254,1925.617242
Env_0408,"L-alanine, L-glycine, L-threonine","['R_r_1810', 'R_r_1873', 'R_r_1911']",1908.822849,1901.723666
Env_0409,"L-alanine, L-glycine, L-tryptophan","['R_r_1810', 'R_r_1873', 'R_r_1912']",1908.993246,1901.257618
Env_0410,"L-alanine, L-glycine, L-tyrosine","['R_r_1810', 'R_r_1873', 'R_r_1913']",1909.297563,1901.324894
Env_0411,"L-alanine, L-glycine, L-valine","['R_r_1810', 'R_r_1873', 'R_r_1914']",1908.809548,1879.328942
Env_0412,"L-alanine, L-isoleucine, L-serine","['R_r_1873', 'R_r_1897', 'R_r_1906']",1908.821729,1926.060384
Env_0413,"L-alanine, L-leucine, L-serine","['R_r_1873', 'R_r_1899', 'R_r_1906']",1908.80825,1926.220707
Env_0414,"L-alanine, L-lysine, L-serine","['R_r_1873', 'R_r_1900', 'R_r_1906']",1908.961469,1925.964024
Env_0415,"L-alanine, L-methionine, L-serine","['R_r_1873', 'R_r_1902', 'R_r_1906']",1908.886053,1925.763286
Env_0416,"L-alanine, L-phenylalanine, L-serine","['R_r_1873', 'R_r_1903', 'R_r_1906']",1909.524576,1925.841332
Env_0417,"L-alanine, L-serine, L-threonine","['R_r_1873', 'R_r_1906', 'R_r_1911']",1908.815735,1926.141099
Env_0418,"L-alanine, L-serine, L-tryptophan","['R_r_1873', 'R_r_1906', 'R_r_1912']",1908.986132,1925.710155
Env_0419,"L-alanine, L-serine, L-tyrosine","['R_r_1873', 'R_r_1906', 'R_r_1913']",1909.290449,1925.779302
Env_0420,"L-alanine, L-serine, L-valine","['R_r_1873', 'R_r_1906', 'R_r_1914']",1908.802435,1903.792598
Env_0421,"L-arginine, L-asparagine, L-aspartate","['R_r_1879', 'R_r_1880', 'R_r_1881']",1703.466999,1748.848836
Env_0422,"L-arginine, L-asparagine, L-glutamate","['R_r_1879', 'R_r_1880', 'R_r_1889']",1703.4277,1748.827118
Env_0423,"L-arginine, L-asparagine, L-glutamine","['R_r_1879', 'R_r_1880', 'R_r_1891']",1704.732823,1749.673259
Env_0424,"L-arginine, L-asparagine, L-glycine","['R_r_1810', 'R_r_1879', 'R_r_1880']",1703.319272,1748.741765
Env_0425,"L-arginine, L-asparagine, L-isoleucine","['R_r_1879', 'R_r_1880', 'R_r_1897']",1704.271983,1749.758721
Env_0426,"L-arginine, L-asparagine, L-leucine","['R_r_1879', 'R_r_1880', 'R_r_1899']",1703.885161,1750.125945
Env_0427,"L-arginine, L-asparagine, L-lysine","['R_r_1879', 'R_r_1880', 'R_r_1900']",1705.826602,1750.494345
Env_0428,"L-arginine, L-asparagine, L-methionine","['R_r_1879', 'R_r_1880', 'R_r_1902']",1703.874466,1749.150604
Env_0429,"L-arginine, L-asparagine, L-phenylalanine","['R_r_1879', 'R_r_1880', 'R_r_1903']",1705.186858,1749.68053
Env_0430,"L-arginine, L-asparagine, L-serine","['R_r_1879', 'R_r_1880', 'R_r_1906']",1703.590105,1748.89732
Env_0431,"L-arginine, L-asparagine, L-threonine","['R_r_1879', 'R_r_1880', 'R_r_1911']",1703.403079,1748.924088
Env_0432,"L-arginine, L-asparagine, L-tryptophan","['R_r_1879', 'R_r_1880', 'R_r_1912']",1703.539865,1748.863367
Env_0433,"L-arginine, L-asparagine, L-tyrosine","['R_r_1879', 'R_r_1880', 'R_r_1913']",1704.50234,1749.344553
Env_0434,"L-arginine, L-asparagine, L-valine","['R_r_1879', 'R_r_1880', 'R_r_1914']",1703.593332,1749.658825
Env_0435,"L-arginine, L-aspartate, L-glutamate","['R_r_1879', 'R_r_1881', 'R_r_1889']",1703.52145,1748.860452
Env_0436,"L-arginine, L-aspartate, L-glutamine","['R_r_1879', 'R_r_1881', 'R_r_1891']",1705.112084,1749.891946
Env_0437,"L-arginine, L-aspartate, L-glycine","['R_r_1810', 'R_r_1879', 'R_r_1881']",1703.413022,1748.775098
Env_0438,"L-arginine, L-aspartate, L-isoleucine","['R_r_1879', 'R_r_1881', 'R_r_1897']",1704.365733,1749.792054
Env_0439,"L-arginine, L-aspartate, L-leucine","['R_r_1879', 'R_r_1881', 'R_r_1899']",1703.75722,1750.032612
Env_0440,"L-arginine, L-aspartate, L-lysine","['R_r_1879', 'R_r_1881', 'R_r_1900']",1705.698661,1750.401012
Env_0441,"L-arginine, L-aspartate, L-methionine","['R_r_1879', 'R_r_1881', 'R_r_1902']",1703.968216,1749.183937
Env_0442,"L-arginine, L-aspartate, L-phenylalanine","['R_r_1879', 'R_r_1881', 'R_r_1903']",1705.280608,1749.713863
Env_0443,"L-arginine, L-aspartate, L-serine","['R_r_1879', 'R_r_1881', 'R_r_1906']",1703.683855,1748.930654
Env_0444,"L-arginine, L-aspartate, L-threonine","['R_r_1879', 'R_r_1881', 'R_r_1911']",1703.496829,1748.957421
Env_0445,"L-arginine, L-aspartate, L-tryptophan","['R_r_1879', 'R_r_1881', 'R_r_1912']",1703.633615,1748.8967
Env_0446,"L-arginine, L-aspartate, L-tyrosine","['R_r_1879', 'R_r_1881', 'R_r_1913']",1704.59609,1749.377886
Env_0447,"L-arginine, L-aspartate, L-valine","['R_r_1879', 'R_r_1881', 'R_r_1914']",1703.465391,1749.565492
Env_0448,"L-arginine, L-glutamate, L-glutamine","['R_r_1879', 'R_r_1889', 'R_r_1891']",1705.072785,1749.870229
Env_0449,"L-arginine, L-glutamate, L-glycine","['R_r_1810', 'R_r_1879', 'R_r_1889']",1703.373723,1748.753381
Env_0450,"L-arginine, L-glutamate, L-isoleucine","['R_r_1879', 'R_r_1889', 'R_r_1897']",1704.326433,1749.770337
Env_0451,"L-arginine, L-glutamate, L-leucine","['R_r_1879', 'R_r_1889', 'R_r_1899']",1703.895946,1750.112612
Env_0452,"L-arginine, L-glutamate, L-lysine","['R_r_1879', 'R_r_1889', 'R_r_1900']",1705.837387,1750.481012
Env_0453,"L-arginine, L-glutamate, L-methionine","['R_r_1879', 'R_r_1889', 'R_r_1902']",1703.928917,1749.16222
Env_0454,"L-arginine, L-glutamate, L-phenylalanine","['R_r_1879', 'R_r_1889', 'R_r_1903']",1705.241309,1749.692146
Env_0455,"L-arginine, L-glutamate, L-serine","['R_r_1879', 'R_r_1889', 'R_r_1906']",1703.644556,1748.908937
Env_0456,"L-arginine, L-glutamate, L-threonine","['R_r_1879', 'R_r_1889', 'R_r_1911']",1703.457529,1748.935704
Env_0457,"L-arginine, L-glutamate, L-tryptophan","['R_r_1879', 'R_r_1889', 'R_r_1912']",1703.594315,1748.874983
Env_0458,"L-arginine, L-glutamate, L-tyrosine","['R_r_1879', 'R_r_1889', 'R_r_1913']",1704.556791,1749.356169
Env_0459,"L-arginine, L-glutamate, L-valine","['R_r_1879', 'R_r_1889', 'R_r_1914']",1703.604116,1749.645492
Env_0460,"L-arginine, L-glutamine, L-glycine","['R_r_1810', 'R_r_1879', 'R_r_1891']",1704.964357,1749.784876
Env_0461,"L-arginine, L-glutamine, L-isoleucine","['R_r_1879', 'R_r_1891', 'R_r_1897']",1705.917067,1750.801832
Env_0462,"L-arginine, L-glutamine, L-leucine","['R_r_1879', 'R_r_1891', 'R_r_1899']",1703.968985,1750.277005
Env_0463,"L-arginine, L-glutamine, L-lysine","['R_r_1879', 'R_r_1891', 'R_r_1900']",1705.910426,1750.645405
Env_0464,"L-arginine, L-glutamine, L-methionine","['R_r_1879', 'R_r_1891', 'R_r_1902']",1705.519551,1750.193715
Env_0465,"L-arginine, L-glutamine, L-phenylalanine","['R_r_1879', 'R_r_1891', 'R_r_1903']",1706.329039,1750.436299
Env_0466,"L-arginine, L-glutamine, L-serine","['R_r_1879', 'R_r_1891', 'R_r_1906']",1705.23519,1749.940431
Env_0467,"L-arginine, L-glutamine, L-threonine","['R_r_1879', 'R_r_1891', 'R_r_1911']",1705.048163,1749.967199
Env_0468,"L-arginine, L-glutamine, L-tryptophan","['R_r_1879', 'R_r_1891', 'R_r_1912']",1705.103864,1749.853837
Env_0469,"L-arginine, L-glutamine, L-tyrosine","['R_r_1879', 'R_r_1891', 'R_r_1913']",1706.147425,1750.387663
Env_0470,"L-arginine, L-glutamine, L-valine","['R_r_1879', 'R_r_1891', 'R_r_1914']",1703.677155,1749.809885
Env_0471,"L-arginine, L-glycine, L-isoleucine","['R_r_1810', 'R_r_1879', 'R_r_1897']",1704.218005,1749.684983
Env_0472,"L-arginine, L-glycine, L-leucine","['R_r_1810', 'R_r_1879', 'R_r_1899']",1704.146926,1750.232612
Env_0473,"L-arginine, L-glycine, L-lysine","['R_r_1810', 'R_r_1879', 'R_r_1900']",1706.088367,1750.601012
Env_0474,"L-arginine, L-glycine, L-methionine","['R_r_1810', 'R_r_1879', 'R_r_1902']",1703.820489,1749.076866
Env_0475,"L-arginine, L-glycine, L-phenylalanine","['R_r_1810', 'R_r_1879', 'R_r_1903']",1705.132881,1749.606792
Env_0476,"L-arginine, L-glycine, L-serine","['R_r_1810', 'R_r_1879', 'R_r_1906']",1703.536128,1748.823583
Env_0477,"L-arginine, L-glycine, L-threonine","['R_r_1810', 'R_r_1879', 'R_r_1911']",1703.349101,1748.850351
Env_0478,"L-arginine, L-glycine, L-tryptophan","['R_r_1810', 'R_r_1879', 'R_r_1912']",1703.485887,1748.789629
Env_0479,"L-arginine, L-glycine, L-tyrosine","['R_r_1810', 'R_r_1879', 'R_r_1913']",1704.448363,1749.270815
Env_0480,"L-arginine, L-glycine, L-valine","['R_r_1810', 'R_r_1879', 'R_r_1914']",1703.855097,1749.765492
Env_0481,"L-arginine, L-isoleucine, L-serine","['R_r_1879', 'R_r_1897', 'R_r_1906']",1704.488839,1749.840539
Env_0482,"L-arginine, L-leucine, L-serine","['R_r_1879', 'R_r_1899', 'R_r_1906']",1704.269965,1750.303723
Env_0483,"L-arginine, L-lysine, L-serine","['R_r_1879', 'R_r_1900', 'R_r_1906']",1706.211406,1750.672123
Env_0484,"L-arginine, L-methionine, L-serine","['R_r_1879', 'R_r_1902', 'R_r_1906']",1704.091322,1749.232422
Env_0485,"L-arginine, L-phenylalanine, L-serine","['R_r_1879', 'R_r_1903', 'R_r_1906']",1705.403715,1749.762348
Env_0486,"L-arginine, L-serine, L-threonine","['R_r_1879', 'R_r_1906', 'R_r_1911']",1703.619935,1749.005906
Env_0487,"L-arginine, L-serine, L-tryptophan","['R_r_1879', 'R_r_1906', 'R_r_1912']",1703.756721,1748.945185
Env_0488,"L-arginine, L-serine, L-tyrosine","['R_r_1879', 'R_r_1906', 'R_r_1913']",1704.719196,1749.426371
Env_0489,"L-arginine, L-serine, L-valine","['R_r_1879', 'R_r_1906', 'R_r_1914']",1703.978136,1749.836603
Env_0490,"L-asparagine, L-aspartate, L-glutamate","['R_r_1880', 'R_r_1881', 'R_r_1889']",1910.538927,1861.172043
Env_0491,"L-asparagine, L-aspartate, L-glutamine","['R_r_1880', 'R_r_1881', 'R_r_1891']",1916.805391,1864.462253
Env_0492,"L-asparagine, L-aspartate, L-glycine","['R_r_1810', 'R_r_1880', 'R_r_1881']",1918.311865,1886.739651
Env_0493,"L-asparagine, L-aspartate, L-isoleucine","['R_r_1880', 'R_r_1881', 'R_r_1897']",1918.311865,1887.16494
Env_0494,"L-asparagine, L-aspartate, L-leucine","['R_r_1880', 'R_r_1881', 'R_r_1899']",1918.311865,1887.925251
Env_0495,"L-asparagine, L-aspartate, L-lysine","['R_r_1880', 'R_r_1881', 'R_r_1900']",1918.311865,1887.312051
Env_0496,"L-asparagine, L-aspartate, L-methionine","['R_r_1880', 'R_r_1881', 'R_r_1902']",1918.33617,1886.830516
Env_0497,"L-asparagine, L-aspartate, L-phenylalanine","['R_r_1880', 'R_r_1881', 'R_r_1903']",1918.81399,1886.858674
Env_0498,"L-asparagine, L-aspartate, L-serine","['R_r_1880', 'R_r_1881', 'R_r_1906']",1918.311865,1886.739651
Env_0499,"L-asparagine, L-aspartate, L-threonine","['R_r_1880', 'R_r_1881', 'R_r_1911']",1918.311865,1887.163496
Env_0500,"L-asparagine, L-aspartate, L-tryptophan","['R_r_1880', 'R_r_1881', 'R_r_1912']",1918.418365,1886.777518
Env_0501,"L-asparagine, L-aspartate, L-tyrosine","['R_r_1880', 'R_r_1881', 'R_r_1913']",1918.651865,1886.830318
Env_0502,"L-asparagine, L-aspartate, L-valine","['R_r_1880', 'R_r_1881', 'R_r_1914']",1918.311865,1887.612318
Env_0503,"L-asparagine, L-glutamate, L-glutamine","['R_r_1880', 'R_r_1889', 'R_r_1891']",1916.792764,1864.440031
Env_0504,"L-asparagine, L-glutamate, L-glycine","['R_r_1810', 'R_r_1880', 'R_r_1889']",1910.544056,1861.165548
Env_0505,"L-asparagine, L-glutamate, L-isoleucine","['R_r_1880', 'R_r_1889', 'R_r_1897']",1910.548943,1883.920713
Env_0506,"L-asparagine, L-glutamate, L-leucine","['R_r_1880', 'R_r_1889', 'R_r_1899']",1910.520568,1884.675123
Env_0507,"L-asparagine, L-glutamate, L-lysine","['R_r_1880', 'R_r_1889', 'R_r_1900']",1910.667992,1883.886148
Env_0508,"L-asparagine, L-glutamate, L-methionine","['R_r_1880', 'R_r_1889', 'R_r_1902']",1910.632991,1861.354289
Env_0509,"L-asparagine, L-glutamate, L-phenylalanine","['R_r_1880', 'R_r_1889', 'R_r_1903']",1911.239968,1861.460391
Env_0510,"L-asparagine, L-glutamate, L-serine","['R_r_1880', 'R_r_1889', 'R_r_1906']",1910.535081,1861.17136
Env_0511,"L-asparagine, L-glutamate, L-threonine","['R_r_1880', 'R_r_1889', 'R_r_1911']",1910.537645,1861.290334
Env_0512,"L-asparagine, L-glutamate, L-tryptophan","['R_r_1880', 'R_r_1889', 'R_r_1912']",1910.733261,1861.254888
Env_0513,"L-asparagine, L-glutamate, L-tyrosine","['R_r_1880', 'R_r_1889', 'R_r_1913']",1911.016876,1861.363086
Env_0514,"L-asparagine, L-glutamate, L-valine","['R_r_1880', 'R_r_1889', 'R_r_1914']",1910.489222,1884.345472
Env_0515,"L-asparagine, L-glutamine, L-glycine","['R_r_1810', 'R_r_1880', 'R_r_1891']",1916.823067,1864.462253
Env_0516,"L-asparagine, L-glutamine, L-isoleucine","['R_r_1880', 'R_r_1891', 'R_r_1897']",1916.702711,1864.930364
Env_0517,"L-asparagine, L-glutamine, L-leucine","['R_r_1880', 'R_r_1891', 'R_r_1899']",1916.61737,1887.926751
Env_0518,"L-asparagine, L-glutamine, L-lysine","['R_r_1880', 'R_r_1891', 'R_r_1900']",1916.758545,1887.129675
Env_0519,"L-asparagine, L-glutamine, L-methionine","['R_r_1880', 'R_r_1891', 'R_r_1902']",1916.875712,1864.632209
Env_0520,"L-asparagine, L-glutamine, L-phenylalanine","['R_r_1880', 'R_r_1891', 'R_r_1903']",1917.394038,1864.690379
Env_0521,"L-asparagine, L-glutamine, L-serine","['R_r_1880', 'R_r_1891', 'R_r_1906']",1916.802865,1864.462253
Env_0522,"L-asparagine, L-glutamine, L-threonine","['R_r_1880', 'R_r_1891', 'R_r_1911']",1916.790239,1864.573364
Env_0523,"L-asparagine, L-glutamine, L-tryptophan","['R_r_1880', 'R_r_1891', 'R_r_1912']",1916.984724,1864.537986
Env_0524,"L-asparagine, L-glutamine, L-tyrosine","['R_r_1880', 'R_r_1891', 'R_r_1913']",1917.209204,1864.613364
Env_0525,"L-asparagine, L-glutamine, L-valine","['R_r_1880', 'R_r_1891', 'R_r_1914']",1916.487348,1887.544472
Env_0526,"L-asparagine, L-glycine, L-isoleucine","['R_r_1810', 'R_r_1880', 'R_r_1897']",1918.311865,1887.16494
Env_0527,"L-asparagine, L-glycine, L-leucine","['R_r_1810', 'R_r_1880', 'R_r_1899']",1918.311865,1887.925251
Env_0528,"L-asparagine, L-glycine, L-lysine","['R_r_1810', 'R_r_1880', 'R_r_1900']",1918.311865,1887.312051
Env_0529,"L-asparagine, L-glycine, L-methionine","['R_r_1810', 'R_r_1880', 'R_r_1902']",1918.33617,1886.830517
Env_0530,"L-asparagine, L-glycine, L-phenylalanine","['R_r_1810', 'R_r_1880', 'R_r_1903']",1918.81399,1886.858674
Env_0531,"L-asparagine, L-glycine, L-serine","['R_r_1810', 'R_r_1880', 'R_r_1906']",1918.311865,1886.739651
Env_0532,"L-asparagine, L-glycine, L-threonine","['R_r_1810', 'R_r_1880', 'R_r_1911']",1918.311865,1887.163496
Env_0533,"L-asparagine, L-glycine, L-tryptophan","['R_r_1810', 'R_r_1880', 'R_r_1912']",1918.418365,1886.777518
Env_0534,"L-asparagine, L-glycine, L-tyrosine","['R_r_1810', 'R_r_1880', 'R_r_1913']",1918.651865,1886.830318
Env_0535,"L-asparagine, L-glycine, L-valine","['R_r_1810', 'R_r_1880', 'R_r_1914']",1918.311865,1887.612318
Env_0536,"L-asparagine, L-isoleucine, L-leucine","['R_r_1880', 'R_r_1897', 'R_r_1899']",1918.311865,1888.35054
Env_0537,"L-asparagine, L-isoleucine, L-lysine","['R_r_1880', 'R_r_1897', 'R_r_1900']",1918.311865,1887.737341
Env_0538,"L-asparagine, L-isoleucine, L-methionine","['R_r_1880', 'R_r_1897', 'R_r_1902']",1918.33574,1887.229607
Env_0539,"L-asparagine, L-isoleucine, L-phenylalanine","['R_r_1880', 'R_r_1897', 'R_r_1903']",1918.81399,1887.283963
Env_0540,"L-asparagine, L-isoleucine, L-serine","['R_r_1880', 'R_r_1897', 'R_r_1906']",1918.311865,1887.16494
Env_0541,"L-asparagine, L-isoleucine, L-threonine","['R_r_1880', 'R_r_1897', 'R_r_1911']",1918.311865,1887.377607
Env_0542,"L-asparagine, L-isoleucine, L-tryptophan","['R_r_1880', 'R_r_1897', 'R_r_1912']",1918.418365,1887.202807
Env_0543,"L-asparagine, L-isoleucine, L-tyrosine","['R_r_1880', 'R_r_1897', 'R_r_1913']",1918.651865,1887.255607
Env_0544,"L-asparagine, L-isoleucine, L-valine","['R_r_1880', 'R_r_1897', 'R_r_1914']",1918.311865,1888.037607
Env_0545,"L-asparagine, L-leucine, L-lysine","['R_r_1880', 'R_r_1899', 'R_r_1900']",1918.311865,1888.497651
Env_0546,"L-asparagine, L-leucine, L-methionine","['R_r_1880', 'R_r_1899', 'R_r_1902']",1918.33617,1888.016116
Env_0547,"L-asparagine, L-leucine, L-phenylalanine","['R_r_1880', 'R_r_1899', 'R_r_1903']",1918.81399,1888.044274
Env_0548,"L-asparagine, L-leucine, L-serine","['R_r_1880', 'R_r_1899', 'R_r_1906']",1918.311865,1887.925251
Env_0549,"L-asparagine, L-leucine, L-threonine","['R_r_1880', 'R_r_1899', 'R_r_1911']",1918.311865,1888.349096
Env_0550,"L-asparagine, L-leucine, L-tryptophan","['R_r_1880', 'R_r_1899', 'R_r_1912']",1918.418365,1887.963118
Env_0551,"L-asparagine, L-leucine, L-tyrosine","['R_r_1880', 'R_r_1899', 'R_r_1913']",1918.651865,1888.015918
Env_0552,"L-asparagine, L-leucine, L-valine","['R_r_1880', 'R_r_1899', 'R_r_1914']",1918.311865,1888.336851
Env_0553,"L-asparagine, L-lysine, L-methionine","['R_r_1880', 'R_r_1900', 'R_r_1902']",1918.33617,1887.402916
Env_0554,"L-asparagine, L-lysine, L-phenylalanine","['R_r_1880', 'R_r_1900', 'R_r_1903']",1918.81399,1887.431074
Env_0555,"L-asparagine, L-lysine, L-serine","['R_r_1880', 'R_r_1900', 'R_r_1906']",1918.311865,1887.312051
Env_0556,"L-asparagine, L-lysine, L-threonine","['R_r_1880', 'R_r_1900', 'R_r_1911']",1918.311865,1887.735896
Env_0557,"L-asparagine, L-lysine, L-tryptophan","['R_r_1880', 'R_r_1900', 'R_r_1912']",1918.418365,1887.349918
Env_0558,"L-asparagine, L-lysine, L-tyrosine","['R_r_1880', 'R_r_1900', 'R_r_1913']",1918.651865,1887.402718
Env_0559,"L-asparagine, L-lysine, L-valine","['R_r_1880', 'R_r_1900', 'R_r_1914']",1918.311865,1888.184718
Env_0560,"L-asparagine, L-methionine, L-phenylalanine","['R_r_1880', 'R_r_1902', 'R_r_1903']",1918.838295,1886.949539
Env_0561,"L-asparagine, L-methionine, L-serine","['R_r_1880', 'R_r_1902', 'R_r_1906']",1918.33617,1886.830517
Env_0562,"L-asparagine, L-methionine, L-threonine","['R_r_1880', 'R_r_1902', 'R_r_1911']",1918.33617,1887.235357
Env_0563,"L-asparagine, L-methionine, L-tryptophan","['R_r_1880', 'R_r_1902', 'R_r_1912']",1918.44267,1886.868383
Env_0564,"L-asparagine, L-methionine, L-tyrosine","['R_r_1880', 'R_r_1902', 'R_r_1913']",1918.67617,1886.921183
Env_0565,"L-asparagine, L-methionine, L-valine","['R_r_1880', 'R_r_1902', 'R_r_1914']",1918.33617,1887.703183
Env_0566,"L-asparagine, L-phenylalanine, L-serine","['R_r_1880', 'R_r_1903', 'R_r_1906']",1918.81399,1886.858674
Env_0567,"L-asparagine, L-phenylalanine, L-threonine","['R_r_1880', 'R_r_1903', 'R_r_1911']",1918.81399,1887.282518
Env_0568,"L-asparagine, L-phenylalanine, L-tryptophan","['R_r_1880', 'R_r_1903', 'R_r_1912']",1918.92049,1886.896541
Env_0569,"L-asparagine, L-phenylalanine, L-tyrosine","['R_r_1880', 'R_r_1903', 'R_r_1913']",1919.15399,1886.94934
Env_0570,"L-asparagine, L-phenylalanine, L-valine","['R_r_1880', 'R_r_1903', 'R_r_1914']",1918.81399,1887.73134
Env_0571,"L-asparagine, L-serine, L-threonine","['R_r_1880', 'R_r_1906', 'R_r_1911']",1918.311865,1887.163496
Env_0572,"L-asparagine, L-serine, L-tryptophan","['R_r_1880', 'R_r_1906', 'R_r_1912']",1918.418365,1886.777518
Env_0573,"L-asparagine, L-serine, L-tyrosine","['R_r_1880', 'R_r_1906', 'R_r_1913']",1918.651865,1886.830318
Env_0574,"L-asparagine, L-serine, L-valine","['R_r_1880', 'R_r_1906', 'R_r_1914']",1918.311865,1887.612318
Env_0575,"L-asparagine, L-threonine, L-tryptophan","['R_r_1880', 'R_r_1911', 'R_r_1912']",1918.418365,1887.201363
Env_0576,"L-asparagine, L-threonine, L-tyrosine","['R_r_1880', 'R_r_1911', 'R_r_1913']",1918.651865,1887.254163
Env_0577,"L-asparagine, L-threonine, L-valine","['R_r_1880', 'R_r_1911', 'R_r_1914']",1918.311865,1888.036163
Env_0578,"L-asparagine, L-tryptophan, L-tyrosine","['R_r_1880', 'R_r_1912', 'R_r_1913']",1918.758365,1886.868185
Env_0579,"L-asparagine, L-tryptophan, L-valine","['R_r_1880', 'R_r_1912', 'R_r_1914']",1918.418365,1887.650185
Env_0580,"L-asparagine, L-tyrosine, L-valine","['R_r_1880', 'R_r_1913', 'R_r_1914']",1918.651865,1887.702985
Env_0581,"L-aspartate, L-glutamate, L-glutamine","['R_r_1881', 'R_r_1889', 'R_r_1891']",1916.742259,1864.395586
Env_0582,"L-aspartate, L-glutamate, L-glycine","['R_r_1810', 'R_r_1881', 'R_r_1889']",1910.481235,1861.117343
Env_0583,"L-aspartate, L-glutamate, L-isoleucine","['R_r_1881', 'R_r_1889', 'R_r_1897']",1910.486122,1883.872508
Env_0584,"L-aspartate, L-glutamate, L-leucine","['R_r_1881', 'R_r_1889', 'R_r_1899']",1910.457748,1884.619396
Env_0585,"L-aspartate, L-glutamate, L-lysine","['R_r_1881', 'R_r_1889', 'R_r_1900']",1910.605171,1883.830422
Env_0586,"L-aspartate, L-glutamate, L-methionine","['R_r_1881', 'R_r_1889', 'R_r_1902']",1910.57017,1861.306083
Env_0587,"L-aspartate, L-glutamate, L-phenylalanine","['R_r_1881', 'R_r_1889', 'R_r_1903']",1911.177148,1883.634409
Env_0588,"L-aspartate, L-glutamate, L-serine","['R_r_1881', 'R_r_1889', 'R_r_1906']",1910.472261,1861.123155
Env_0589,"L-aspartate, L-glutamate, L-threonine","['R_r_1881', 'R_r_1889', 'R_r_1911']",1910.474825,1861.242129
Env_0590,"L-aspartate, L-glutamate, L-tryptophan","['R_r_1881', 'R_r_1889', 'R_r_1912']",1910.67044,1861.206683
Env_0591,"L-aspartate, L-glutamate, L-tyrosine","['R_r_1881', 'R_r_1889', 'R_r_1913']",1910.954056,1861.314881
Env_0592,"L-aspartate, L-glutamate, L-valine","['R_r_1881', 'R_r_1889', 'R_r_1914']",1910.426402,1884.289745
Env_0593,"L-aspartate, L-glutamine, L-glycine","['R_r_1810', 'R_r_1881', 'R_r_1891']",1916.772562,1864.417808
Env_0594,"L-aspartate, L-glutamine, L-isoleucine","['R_r_1881', 'R_r_1891', 'R_r_1897']",1916.652206,1864.88592
Env_0595,"L-aspartate, L-glutamine, L-leucine","['R_r_1881', 'R_r_1891', 'R_r_1899']",1916.566865,1887.877592
Env_0596,"L-aspartate, L-glutamine, L-lysine","['R_r_1881', 'R_r_1891', 'R_r_1900']",1916.70804,1887.085231
Env_0597,"L-aspartate, L-glutamine, L-methionine","['R_r_1881', 'R_r_1891', 'R_r_1902']",1916.825207,1864.587765
Env_0598,"L-aspartate, L-glutamine, L-phenylalanine","['R_r_1881', 'R_r_1891', 'R_r_1903']",1917.343533,1864.645934
Env_0599,"L-aspartate, L-glutamine, L-serine","['R_r_1881', 'R_r_1891', 'R_r_1906']",1916.75236,1864.417808
Env_0600,"L-aspartate, L-glutamine, L-threonine","['R_r_1881', 'R_r_1891', 'R_r_1911']",1916.739734,1864.52892
Env_0601,"L-aspartate, L-glutamine, L-tryptophan","['R_r_1881', 'R_r_1891', 'R_r_1912']",1916.934219,1864.493542
Env_0602,"L-aspartate, L-glutamine, L-tyrosine","['R_r_1881', 'R_r_1891', 'R_r_1913']",1917.158699,1864.56892
Env_0603,"L-aspartate, L-glutamine, L-valine","['R_r_1881', 'R_r_1891', 'R_r_1914']",1916.436843,1887.495313
Env_0604,"L-aspartate, L-glycine, L-isoleucine","['R_r_1810', 'R_r_1881', 'R_r_1897']",1910.156467,1882.792795
Env_0605,"L-aspartate, L-glycine, L-leucine","['R_r_1810', 'R_r_1881', 'R_r_1899']",1910.141036,1883.544876
Env_0606,"L-aspartate, L-glycine, L-lysine","['R_r_1810', 'R_r_1881', 'R_r_1900']",1910.28257,1883.007161
Env_0607,"L-aspartate, L-glycine, L-methionine","['R_r_1810', 'R_r_1881', 'R_r_1902']",1910.238504,1882.489161
Env_0608,"L-aspartate, L-glycine, L-phenylalanine","['R_r_1810', 'R_r_1881', 'R_r_1903']",1910.85363,1882.590548
Env_0609,"L-aspartate, L-glycine, L-serine","['R_r_1810', 'R_r_1881', 'R_r_1906']",1910.140032,1882.358741
Env_0610,"L-aspartate, L-glycine, L-threonine","['R_r_1810', 'R_r_1881', 'R_r_1911']",1910.139674,1882.782394
Env_0611,"L-aspartate, L-glycine, L-tryptophan","['R_r_1810', 'R_r_1881', 'R_r_1912']",1910.338815,1882.445825
Env_0612,"L-aspartate, L-glycine, L-tyrosine","['R_r_1810', 'R_r_1881', 'R_r_1913']",1910.62821,1882.528436
Env_0613,"L-aspartate, L-glycine, L-valine","['R_r_1810', 'R_r_1881', 'R_r_1914']",1910.111291,1883.216079
Env_0614,"L-aspartate, L-isoleucine, L-leucine","['R_r_1881', 'R_r_1897', 'R_r_1899']",1910.14875,1883.974279
Env_0615,"L-aspartate, L-isoleucine, L-lysine","['R_r_1881', 'R_r_1897', 'R_r_1900']",1910.290285,1883.436564
Env_0616,"L-aspartate, L-isoleucine, L-methionine","['R_r_1881', 'R_r_1897', 'R_r_1902']",1910.244965,1882.891927
Env_0617,"L-aspartate, L-isoleucine, L-phenylalanine","['R_r_1881', 'R_r_1897', 'R_r_1903']",1910.861344,1883.019951
Env_0618,"L-aspartate, L-isoleucine, L-serine","['R_r_1881', 'R_r_1897', 'R_r_1906']",1910.147746,1882.788144
Env_0619,"L-aspartate, L-isoleucine, L-threonine","['R_r_1881', 'R_r_1897', 'R_r_1911']",1910.149767,1883.001888
Env_0620,"L-aspartate, L-isoleucine, L-tryptophan","['R_r_1881', 'R_r_1897', 'R_r_1912']",1910.346529,1882.875228
Env_0621,"L-aspartate, L-isoleucine, L-tyrosine","['R_r_1881', 'R_r_1897', 'R_r_1913']",1910.635924,1882.957839
Env_0622,"L-aspartate, L-isoleucine, L-valine","['R_r_1881', 'R_r_1897', 'R_r_1914']",1910.119006,1883.645482
Env_0623,"L-aspartate, L-leucine, L-lysine","['R_r_1881', 'R_r_1899', 'R_r_1900']",1910.274853,1884.188645
Env_0624,"L-aspartate, L-leucine, L-methionine","['R_r_1881', 'R_r_1899', 'R_r_1902']",1910.230787,1883.670645
Env_0625,"L-aspartate, L-leucine, L-phenylalanine","['R_r_1881', 'R_r_1899', 'R_r_1903']",1910.845913,1883.772033
Env_0626,"L-aspartate, L-leucine, L-serine","['R_r_1881', 'R_r_1899', 'R_r_1906']",1910.132315,1883.540225
Env_0627,"L-aspartate, L-leucine, L-threonine","['R_r_1881', 'R_r_1899', 'R_r_1911']",1910.131957,1883.963879
Env_0628,"L-aspartate, L-leucine, L-tryptophan","['R_r_1881', 'R_r_1899', 'R_r_1912']",1910.331098,1883.627309
Env_0629,"L-aspartate, L-leucine, L-tyrosine","['R_r_1881', 'R_r_1899', 'R_r_1913']",1910.620493,1883.70992
Env_0630,"L-aspartate, L-leucine, L-valine","['R_r_1881', 'R_r_1899', 'R_r_1914']",1910.120807,1883.945687
Env_0631,"L-aspartate, L-lysine, L-methionine","['R_r_1881', 'R_r_1900', 'R_r_1902']",1910.372322,1883.13293
Env_0632,"L-aspartate, L-lysine, L-phenylalanine","['R_r_1881', 'R_r_1900', 'R_r_1903']",1910.987447,1883.234318
Env_0633,"L-aspartate, L-lysine, L-serine","['R_r_1881', 'R_r_1900', 'R_r_1906']",1910.27385,1883.00251
Env_0634,"L-aspartate, L-lysine, L-threonine","['R_r_1881', 'R_r_1900', 'R_r_1911']",1910.273492,1883.426164
Env_0635,"L-aspartate, L-lysine, L-tryptophan","['R_r_1881', 'R_r_1900', 'R_r_1912']",1910.472632,1883.089594
Env_0636,"L-aspartate, L-lysine, L-tyrosine","['R_r_1881', 'R_r_1900', 'R_r_1913']",1910.762028,1883.172205
Env_0637,"L-aspartate, L-lysine, L-valine","['R_r_1881', 'R_r_1900', 'R_r_1914']",1910.245109,1883.859849
Env_0638,"L-aspartate, L-methionine, L-phenylalanine","['R_r_1881', 'R_r_1902', 'R_r_1903']",1910.943381,1882.716318
Env_0639,"L-aspartate, L-methionine, L-serine","['R_r_1881', 'R_r_1902', 'R_r_1906']",1910.229783,1882.48451
Env_0640,"L-aspartate, L-methionine, L-threonine","['R_r_1881', 'R_r_1902', 'R_r_1911']",1910.230128,1882.889534
Env_0641,"L-aspartate, L-methionine, L-tryptophan","['R_r_1881', 'R_r_1902', 'R_r_1912']",1910.428566,1882.571594
Env_0642,"L-aspartate, L-methionine, L-tyrosine","['R_r_1881', 'R_r_1902', 'R_r_1913']",1910.717961,1882.654205
Env_0643,"L-aspartate, L-methionine, L-valine","['R_r_1881', 'R_r_1902', 'R_r_1914']",1910.201043,1883.341848
Env_0644,"L-aspartate, L-phenylalanine, L-serine","['R_r_1881', 'R_r_1903', 'R_r_1906']",1910.844909,1882.585897
Env_0645,"L-aspartate, L-phenylalanine, L-threonine","['R_r_1881', 'R_r_1903', 'R_r_1911']",1910.844551,1883.009551
Env_0646,"L-aspartate, L-phenylalanine, L-tryptophan","['R_r_1881', 'R_r_1903', 'R_r_1912']",1911.043692,1882.672981
Env_0647,"L-aspartate, L-phenylalanine, L-tyrosine","['R_r_1881', 'R_r_1903', 'R_r_1913']",1911.333087,1882.755592
Env_0648,"L-aspartate, L-phenylalanine, L-valine","['R_r_1881', 'R_r_1903', 'R_r_1914']",1910.816168,1883.443236
Env_0649,"L-aspartate, L-serine, L-threonine","['R_r_1881', 'R_r_1906', 'R_r_1911']",1910.130953,1882.777743
Env_0650,"L-aspartate, L-serine, L-tryptophan","['R_r_1881', 'R_r_1906', 'R_r_1912']",1910.330094,1882.441174
Env_0651,"L-aspartate, L-serine, L-tyrosine","['R_r_1881', 'R_r_1906', 'R_r_1913']",1910.619489,1882.523784
Env_0652,"L-aspartate, L-serine, L-valine","['R_r_1881', 'R_r_1906', 'R_r_1914']",1910.10257,1883.211428
Env_0653,"L-aspartate, L-threonine, L-tryptophan","['R_r_1881', 'R_r_1911', 'R_r_1912']",1910.329736,1882.864827
Env_0654,"L-aspartate, L-threonine, L-tyrosine","['R_r_1881', 'R_r_1911', 'R_r_1913']",1910.619131,1882.947438
Env_0655,"L-aspartate, L-threonine, L-valine","['R_r_1881', 'R_r_1911', 'R_r_1914']",1910.102213,1883.635082
Env_0656,"L-aspartate, L-tryptophan, L-tyrosine","['R_r_1881', 'R_r_1912', 'R_r_1913']",1910.818272,1882.610869
Env_0657,"L-aspartate, L-tryptophan, L-valine","['R_r_1881', 'R_r_1912', 'R_r_1914']",1910.301353,1883.298512
Env_0658,"L-aspartate, L-tyrosine, L-valine","['R_r_1881', 'R_r_1913', 'R_r_1914']",1910.590749,1883.381123
Env_0659,"L-glutamate, L-glutamine, L-glycine","['R_r_1810', 'R_r_1889', 'R_r_1891']",1916.759936,1864.395586
Env_0660,"L-glutamate, L-glutamine, L-isoleucine","['R_r_1889', 'R_r_1891', 'R_r_1897']",1916.63958,1864.863697
Env_0661,"L-glutamate, L-glutamine, L-leucine","['R_r_1889', 'R_r_1891', 'R_r_1899']",1916.554239,1887.870858
Env_0662,"L-glutamate, L-glutamine, L-lysine","['R_r_1889', 'R_r_1891', 'R_r_1900']",1916.695413,1887.063009
Env_0663,"L-glutamate, L-glutamine, L-methionine","['R_r_1889', 'R_r_1891', 'R_r_1902']",1916.812581,1864.565543
Env_0664,"L-glutamate, L-glutamine, L-phenylalanine","['R_r_1889', 'R_r_1891', 'R_r_1903']",1917.330907,1864.623712
Env_0665,"L-glutamate, L-glutamine, L-serine","['R_r_1889', 'R_r_1891', 'R_r_1906']",1916.739734,1864.395586
Env_0666,"L-glutamate, L-glutamine, L-threonine","['R_r_1889', 'R_r_1891', 'R_r_1911']",1916.727108,1864.506697
Env_0667,"L-glutamate, L-glutamine, L-tryptophan","['R_r_1889', 'R_r_1891', 'R_r_1912']",1916.921593,1864.47132
Env_0668,"L-glutamate, L-glutamine, L-tyrosine","['R_r_1889', 'R_r_1891', 'R_r_1913']",1917.146072,1864.546698
Env_0669,"L-glutamate, L-glutamine, L-valine","['R_r_1889', 'R_r_1891', 'R_r_1914']",1916.424216,1887.488579
Env_0670,"L-glutamate, L-glycine, L-isoleucine","['R_r_1810', 'R_r_1889', 'R_r_1897']",1910.491251,1883.866012
Env_0671,"L-glutamate, L-glycine, L-leucine","['R_r_1810', 'R_r_1889', 'R_r_1899']",1910.462876,1884.622131
Env_0672,"L-glutamate, L-glycine, L-lysine","['R_r_1810', 'R_r_1889', 'R_r_1900']",1910.610299,1883.833157
Env_0673,"L-glutamate, L-glycine, L-methionine","['R_r_1810', 'R_r_1889', 'R_r_1902']",1910.575298,1861.299588
Env_0674,"L-glutamate, L-glycine, L-phenylalanine","['R_r_1810', 'R_r_1889', 'R_r_1903']",1911.182276,1861.405691
Env_0675,"L-glutamate, L-glycine, L-serine","['R_r_1810', 'R_r_1889', 'R_r_1906']",1910.477389,1861.116659
Env_0676,"L-glutamate, L-glycine, L-threonine","['R_r_1810', 'R_r_1889', 'R_r_1911']",1910.479953,1861.235633
Env_0677,"L-glutamate, L-glycine, L-tryptophan","['R_r_1810', 'R_r_1889', 'R_r_1912']",1910.675568,1861.200187
Env_0678,"L-glutamate, L-glycine, L-tyrosine","['R_r_1810', 'R_r_1889', 'R_r_1913']",1910.959184,1861.308385
Env_0679,"L-glutamate, L-glycine, L-valine","['R_r_1810', 'R_r_1889', 'R_r_1914']",1910.43153,1884.29248
Env_0680,"L-glutamate, L-isoleucine, L-leucine","['R_r_1889', 'R_r_1897', 'R_r_1899']",1910.467763,1885.050027
Env_0681,"L-glutamate, L-isoleucine, L-lysine","['R_r_1889', 'R_r_1897', 'R_r_1900']",1910.615186,1884.261052
Env_0682,"L-glutamate, L-isoleucine, L-methionine","['R_r_1889', 'R_r_1897', 'R_r_1902']",1910.579379,1883.961325
Env_0683,"L-glutamate, L-isoleucine, L-phenylalanine","['R_r_1889', 'R_r_1897', 'R_r_1903']",1911.187163,1884.099329
Env_0684,"L-glutamate, L-isoleucine, L-serine","['R_r_1889', 'R_r_1897', 'R_r_1906']",1910.482276,1883.871824
Env_0685,"L-glutamate, L-isoleucine, L-threonine","['R_r_1889', 'R_r_1897', 'R_r_1911']",1910.48484,1883.984646
Env_0686,"L-glutamate, L-isoleucine, L-tryptophan","['R_r_1889', 'R_r_1897', 'R_r_1912']",1910.680456,1883.955352
Env_0687,"L-glutamate, L-isoleucine, L-tyrosine","['R_r_1889', 'R_r_1897', 'R_r_1913']",1910.964071,1884.038458
Env_0688,"L-glutamate, L-isoleucine, L-valine","['R_r_1889', 'R_r_1897', 'R_r_1914']",1910.436417,1884.720376
Env_0689,"L-glutamate, L-leucine, L-lysine","['R_r_1889', 'R_r_1899', 'R_r_1900']",1910.586812,1885.006231
Env_0690,"L-glutamate, L-leucine, L-methionine","['R_r_1889', 'R_r_1899', 'R_r_1902']",1910.551811,1884.747465
Env_0691,"L-glutamate, L-leucine, L-phenylalanine","['R_r_1889', 'R_r_1899', 'R_r_1903']",1911.158789,1884.844507
Env_0692,"L-glutamate, L-leucine, L-serine","['R_r_1889', 'R_r_1899', 'R_r_1906']",1910.453902,1884.617345
Env_0693,"L-glutamate, L-leucine, L-threonine","['R_r_1889', 'R_r_1899', 'R_r_1911']",1910.456466,1884.729824
Env_0694,"L-glutamate, L-leucine, L-tryptophan","['R_r_1889', 'R_r_1899', 'R_r_1912']",1910.652081,1884.704107
Env_0695,"L-glutamate, L-leucine, L-tyrosine","['R_r_1889', 'R_r_1899', 'R_r_1913']",1910.935697,1884.783636
Env_0696,"L-glutamate, L-leucine, L-valine","['R_r_1889', 'R_r_1899', 'R_r_1914']",1910.434643,1885.018674
Env_0697,"L-glutamate, L-lysine, L-methionine","['R_r_1889', 'R_r_1900', 'R_r_1902']",1910.699234,1883.958491
Env_0698,"L-glutamate, L-lysine, L-phenylalanine","['R_r_1889', 'R_r_1900', 'R_r_1903']",1911.306212,1884.055533
Env_0699,"L-glutamate, L-lysine, L-serine","['R_r_1889', 'R_r_1900', 'R_r_1906']",1910.601325,1883.828371
Env_0700,"L-glutamate, L-lysine, L-threonine","['R_r_1889', 'R_r_1900', 'R_r_1911']",1910.603889,1883.940849
Env_0701,"L-glutamate, L-lysine, L-tryptophan","['R_r_1889', 'R_r_1900', 'R_r_1912']",1910.799504,1883.915133
Env_0702,"L-glutamate, L-lysine, L-tyrosine","['R_r_1889', 'R_r_1900', 'R_r_1913']",1911.08312,1883.994661
Env_0703,"L-glutamate, L-lysine, L-valine","['R_r_1889', 'R_r_1900', 'R_r_1914']",1910.555466,1884.676579
Env_0704,"L-glutamate, L-methionine, L-phenylalanine","['R_r_1889', 'R_r_1902', 'R_r_1903']",1911.271211,1883.796768
Env_0705,"L-glutamate, L-methionine, L-serine","['R_r_1889', 'R_r_1902', 'R_r_1906']",1910.566324,1861.3054
Env_0706,"L-glutamate, L-methionine, L-threonine","['R_r_1889', 'R_r_1902', 'R_r_1911']",1910.568888,1883.646596
Env_0707,"L-glutamate, L-methionine, L-tryptophan","['R_r_1889', 'R_r_1902', 'R_r_1912']",1910.764504,1861.388928
Env_0708,"L-glutamate, L-methionine, L-tyrosine","['R_r_1889', 'R_r_1902', 'R_r_1913']",1911.048119,1883.719348
Env_0709,"L-glutamate, L-methionine, L-valine","['R_r_1889', 'R_r_1902', 'R_r_1914']",1910.520465,1884.417814
Env_0710,"L-glutamate, L-phenylalanine, L-serine","['R_r_1889', 'R_r_1903', 'R_r_1906']",1911.173302,1883.633725
Env_0711,"L-glutamate, L-phenylalanine, L-threonine","['R_r_1889', 'R_r_1903', 'R_r_1911']",1911.175866,1883.752699
Env_0712,"L-glutamate, L-phenylalanine, L-tryptophan","['R_r_1889', 'R_r_1903', 'R_r_1912']",1911.371481,1883.717253
Env_0713,"L-glutamate, L-phenylalanine, L-tyrosine","['R_r_1889', 'R_r_1903', 'R_r_1913']",1911.655097,1883.825451
Env_0714,"L-glutamate, L-phenylalanine, L-valine","['R_r_1889', 'R_r_1903', 'R_r_1914']",1911.127443,1884.514856
Env_0715,"L-glutamate, L-serine, L-threonine","['R_r_1889', 'R_r_1906', 'R_r_1911']",1910.470979,1861.241445
Env_0716,"L-glutamate, L-serine, L-tryptophan","['R_r_1889', 'R_r_1906', 'R_r_1912']",1910.666594,1861.205999
Env_0717,"L-glutamate, L-serine, L-tyrosine","['R_r_1889', 'R_r_1906', 'R_r_1913']",1910.950209,1861.314197
Env_0718,"L-glutamate, L-serine, L-valine","['R_r_1889', 'R_r_1906', 'R_r_1914']",1910.422556,1884.287694
Env_0719,"L-glutamate, L-threonine, L-tryptophan","['R_r_1889', 'R_r_1911', 'R_r_1912']",1910.669158,1861.324973
Env_0720,"L-glutamate, L-threonine, L-tyrosine","['R_r_1889', 'R_r_1911', 'R_r_1913']",1910.952774,1861.433172
Env_0721,"L-glutamate, L-threonine, L-valine","['R_r_1889', 'R_r_1911', 'R_r_1914']",1910.42512,1884.400173
Env_0722,"L-glutamate, L-tryptophan, L-tyrosine","['R_r_1889', 'R_r_1912', 'R_r_1913']",1911.148389,1861.397726
Env_0723,"L-glutamate, L-tryptophan, L-valine","['R_r_1889', 'R_r_1912', 'R_r_1914']",1910.620735,1884.374456
Env_0724,"L-glutamate, L-tyrosine, L-valine","['R_r_1889', 'R_r_1913', 'R_r_1914']",1910.904351,1884.453984
Env_0725,"L-glutamine, L-glycine, L-isoleucine","['R_r_1810', 'R_r_1891', 'R_r_1897']",1916.669883,1864.88592
Env_0726,"L-glutamine, L-glycine, L-leucine","['R_r_1810', 'R_r_1891', 'R_r_1899']",1916.584542,1887.88702
Env_0727,"L-glutamine, L-glycine, L-lysine","['R_r_1810', 'R_r_1891', 'R_r_1900']",1916.725716,1887.085231
Env_0728,"L-glutamine, L-glycine, L-methionine","['R_r_1810', 'R_r_1891', 'R_r_1902']",1916.842884,1864.587765
Env_0729,"L-glutamine, L-glycine, L-phenylalanine","['R_r_1810', 'R_r_1891', 'R_r_1903']",1917.36121,1864.645934
Env_0730,"L-glutamine, L-glycine, L-serine","['R_r_1810', 'R_r_1891', 'R_r_1906']",1916.770037,1864.417808
Env_0731,"L-glutamine, L-glycine, L-threonine","['R_r_1810', 'R_r_1891', 'R_r_1911']",1916.757411,1864.52892
Env_0732,"L-glutamine, L-glycine, L-tryptophan","['R_r_1810', 'R_r_1891', 'R_r_1912']",1916.951896,1864.493542
Env_0733,"L-glutamine, L-glycine, L-tyrosine","['R_r_1810', 'R_r_1891', 'R_r_1913']",1917.176375,1864.56892
Env_0734,"L-glutamine, L-glycine, L-valine","['R_r_1810', 'R_r_1891', 'R_r_1914']",1916.454519,1887.504741
Env_0735,"L-glutamine, L-isoleucine, L-leucine","['R_r_1891', 'R_r_1897', 'R_r_1899']",1916.464186,1888.248119
Env_0736,"L-glutamine, L-isoleucine, L-lysine","['R_r_1891', 'R_r_1897', 'R_r_1900']",1916.60536,1887.455812
Env_0737,"L-glutamine, L-isoleucine, L-methionine","['R_r_1891', 'R_r_1897', 'R_r_1902']",1916.736005,1887.233178
Env_0738,"L-glutamine, L-isoleucine, L-phenylalanine","['R_r_1891', 'R_r_1897', 'R_r_1903']",1917.240854,1887.327964
Env_0739,"L-glutamine, L-isoleucine, L-serine","['R_r_1891', 'R_r_1897', 'R_r_1906']",1916.649681,1864.88592
Env_0740,"L-glutamine, L-isoleucine, L-threonine","['R_r_1891', 'R_r_1897', 'R_r_1911']",1916.637055,1864.997031
Env_0741,"L-glutamine, L-isoleucine, L-tryptophan","['R_r_1891', 'R_r_1897', 'R_r_1912']",1916.83154,1864.961653
Env_0742,"L-glutamine, L-isoleucine, L-tyrosine","['R_r_1891', 'R_r_1897', 'R_r_1913']",1917.056019,1887.259253
Env_0743,"L-glutamine, L-isoleucine, L-valine","['R_r_1891', 'R_r_1897', 'R_r_1914']",1916.334163,1887.86584
Env_0744,"L-glutamine, L-leucine, L-lysine","['R_r_1891', 'R_r_1899', 'R_r_1900']",1916.520019,1888.170608
Env_0745,"L-glutamine, L-leucine, L-methionine","['R_r_1891', 'R_r_1899', 'R_r_1902']",1916.637187,1887.992999
Env_0746,"L-glutamine, L-leucine, L-phenylalanine","['R_r_1891', 'R_r_1899', 'R_r_1903']",1917.155513,1888.04276
Env_0747,"L-glutamine, L-leucine, L-serine","['R_r_1891', 'R_r_1899', 'R_r_1906']",1916.56434,1887.876245
Env_0748,"L-glutamine, L-leucine, L-threonine","['R_r_1891', 'R_r_1899', 'R_r_1911']",1916.551714,1887.980623
Env_0749,"L-glutamine, L-leucine, L-tryptophan","['R_r_1891', 'R_r_1899', 'R_r_1912']",1916.746199,1887.954303
Env_0750,"L-glutamine, L-leucine, L-tyrosine","['R_r_1891', 'R_r_1899', 'R_r_1913']",1916.970678,1888.002293
Env_0751,"L-glutamine, L-leucine, L-valine","['R_r_1891', 'R_r_1899', 'R_r_1914']",1916.432201,1888.217371
Env_0752,"L-glutamine, L-lysine, L-methionine","['R_r_1891', 'R_r_1900', 'R_r_1902']",1916.778361,1887.200692
Env_0753,"L-glutamine, L-lysine, L-phenylalanine","['R_r_1891', 'R_r_1900', 'R_r_1903']",1917.296687,1887.250453
Env_0754,"L-glutamine, L-lysine, L-serine","['R_r_1891', 'R_r_1900', 'R_r_1906']",1916.705514,1887.083938
Env_0755,"L-glutamine, L-lysine, L-threonine","['R_r_1891', 'R_r_1900', 'R_r_1911']",1916.692888,1887.188315
Env_0756,"L-glutamine, L-lysine, L-tryptophan","['R_r_1891', 'R_r_1900', 'R_r_1912']",1916.887373,1887.160964
Env_0757,"L-glutamine, L-lysine, L-tyrosine","['R_r_1891', 'R_r_1900', 'R_r_1913']",1917.111853,1887.209986
Env_0758,"L-glutamine, L-lysine, L-valine","['R_r_1891', 'R_r_1900', 'R_r_1914']",1916.389997,1887.788329
Env_0759,"L-glutamine, L-methionine, L-phenylalanine","['R_r_1891', 'R_r_1902', 'R_r_1903']",1917.413855,1887.038113
Env_0760,"L-glutamine, L-methionine, L-serine","['R_r_1891', 'R_r_1902', 'R_r_1906']",1916.822682,1864.587765
Env_0761,"L-glutamine, L-methionine, L-threonine","['R_r_1891', 'R_r_1902', 'R_r_1911']",1916.810055,1864.698876
Env_0762,"L-glutamine, L-methionine, L-tryptophan","['R_r_1891', 'R_r_1902', 'R_r_1912']",1917.00454,1864.663498
Env_0763,"L-glutamine, L-methionine, L-tyrosine","['R_r_1891', 'R_r_1902', 'R_r_1913']",1917.22902,1864.738876
Env_0764,"L-glutamine, L-methionine, L-valine","['R_r_1891', 'R_r_1902', 'R_r_1914']",1916.507164,1887.61072
Env_0765,"L-glutamine, L-phenylalanine, L-serine","['R_r_1891', 'R_r_1903', 'R_r_1906']",1917.341008,1864.645934
Env_0766,"L-glutamine, L-phenylalanine, L-threonine","['R_r_1891', 'R_r_1903', 'R_r_1911']",1917.328382,1864.757045
Env_0767,"L-glutamine, L-phenylalanine, L-tryptophan","['R_r_1891', 'R_r_1903', 'R_r_1912']",1917.522867,1864.721668
Env_0768,"L-glutamine, L-phenylalanine, L-tyrosine","['R_r_1891', 'R_r_1903', 'R_r_1913']",1917.747346,1864.797045
Env_0769,"L-glutamine, L-phenylalanine, L-valine","['R_r_1891', 'R_r_1903', 'R_r_1914']",1917.02549,1887.660481
Env_0770,"L-glutamine, L-serine, L-threonine","['R_r_1891', 'R_r_1906', 'R_r_1911']",1916.737209,1864.52892
Env_0771,"L-glutamine, L-serine, L-tryptophan","['R_r_1891', 'R_r_1906', 'R_r_1912']",1916.931694,1864.493542
Env_0772,"L-glutamine, L-serine, L-tyrosine","['R_r_1891', 'R_r_1906', 'R_r_1913']",1917.156173,1864.56892
Env_0773,"L-glutamine, L-serine, L-valine","['R_r_1891', 'R_r_1906', 'R_r_1914']",1916.434317,1887.493967
Env_0774,"L-glutamine, L-threonine, L-tryptophan","['R_r_1891', 'R_r_1911', 'R_r_1912']",1916.919067,1864.604653
Env_0775,"L-glutamine, L-threonine, L-tyrosine","['R_r_1891', 'R_r_1911', 'R_r_1913']",1917.143547,1864.680031
Env_0776,"L-glutamine, L-threonine, L-valine","['R_r_1891', 'R_r_1911', 'R_r_1914']",1916.421691,1887.598344
Env_0777,"L-glutamine, L-tryptophan, L-tyrosine","['R_r_1891', 'R_r_1912', 'R_r_1913']",1917.338032,1864.644653
Env_0778,"L-glutamine, L-tryptophan, L-valine","['R_r_1891', 'R_r_1912', 'R_r_1914']",1916.616176,1887.572025
Env_0779,"L-glutamine, L-tyrosine, L-valine","['R_r_1891', 'R_r_1913', 'R_r_1914']",1916.840656,1887.620014
Env_0780,"L-glycine, L-isoleucine, L-leucine","['R_r_1810', 'R_r_1897', 'R_r_1899']",1910.246319,1926.608792
Env_0781,"L-glycine, L-isoleucine, L-lysine","['R_r_1810', 'R_r_1897', 'R_r_1900']",1910.399288,1926.413309
Env_0782,"L-glycine, L-isoleucine, L-methionine","['R_r_1810', 'R_r_1897', 'R_r_1902']",1910.302642,1926.054631
Env_0783,"L-glycine, L-isoleucine, L-phenylalanine","['R_r_1810', 'R_r_1897', 'R_r_1903']",1910.939961,1926.181209
Env_0784,"L-glycine, L-isoleucine, L-serine","['R_r_1810', 'R_r_1897', 'R_r_1906']",1907.054724,1924.247942
Env_0785,"L-glycine, L-isoleucine, L-threonine","['R_r_1810', 'R_r_1897', 'R_r_1911']",1910.218767,1926.233164
Env_0786,"L-glycine, L-isoleucine, L-tryptophan","['R_r_1810', 'R_r_1897', 'R_r_1912']",1910.411014,1926.041252
Env_0787,"L-glycine, L-isoleucine, L-tyrosine","['R_r_1810', 'R_r_1897', 'R_r_1913']",1910.712458,1926.115622
Env_0788,"L-glycine, L-isoleucine, L-valine","['R_r_1810', 'R_r_1897', 'R_r_1914']",1910.223894,1881.922758
Env_0789,"L-glycine, L-leucine, L-lysine","['R_r_1810', 'R_r_1899', 'R_r_1900']",1910.407203,1926.565264
Env_0790,"L-glycine, L-leucine, L-methionine","['R_r_1810', 'R_r_1899', 'R_r_1902']",1910.313001,1926.242961
Env_0791,"L-glycine, L-leucine, L-phenylalanine","['R_r_1810', 'R_r_1899', 'R_r_1903']",1910.947876,1926.333163
Env_0792,"L-glycine, L-leucine, L-serine","['R_r_1810', 'R_r_1899', 'R_r_1906']",1907.100876,1924.420289
Env_0793,"L-glycine, L-leucine, L-threonine","['R_r_1810', 'R_r_1899', 'R_r_1911']",1910.229569,1926.683481
Env_0794,"L-glycine, L-leucine, L-tryptophan","['R_r_1810', 'R_r_1899', 'R_r_1912']",1910.418929,1926.193206
Env_0795,"L-glycine, L-leucine, L-tyrosine","['R_r_1810', 'R_r_1899', 'R_r_1913']",1910.720373,1926.267577
Env_0796,"L-glycine, L-leucine, L-valine","['R_r_1810', 'R_r_1899', 'R_r_1914']",1910.230748,1926.373282
Env_0797,"L-glycine, L-lysine, L-methionine","['R_r_1810', 'R_r_1900', 'R_r_1902']",1910.46597,1926.047478
Env_0798,"L-glycine, L-lysine, L-phenylalanine","['R_r_1810', 'R_r_1900', 'R_r_1903']",1911.100845,1926.13768
Env_0799,"L-glycine, L-lysine, L-serine","['R_r_1810', 'R_r_1900', 'R_r_1906']",1907.255973,1924.225941
Env_0800,"L-glycine, L-lysine, L-threonine","['R_r_1810', 'R_r_1900', 'R_r_1911']",1910.382538,1926.487998
Env_0801,"L-glycine, L-lysine, L-tryptophan","['R_r_1810', 'R_r_1900', 'R_r_1912']",1910.571897,1925.997723
Env_0802,"L-glycine, L-lysine, L-tyrosine","['R_r_1810', 'R_r_1900', 'R_r_1913']",1910.873342,1926.072093
Env_0803,"L-glycine, L-lysine, L-valine","['R_r_1810', 'R_r_1900', 'R_r_1914']",1910.384777,1904.187096
Env_0804,"L-glycine, L-methionine, L-phenylalanine","['R_r_1810', 'R_r_1902', 'R_r_1903']",1911.006643,1925.815377
Env_0805,"L-glycine, L-methionine, L-serine","['R_r_1810', 'R_r_1902', 'R_r_1906']",1907.07422,1923.856944
Env_0806,"L-glycine, L-methionine, L-threonine","['R_r_1810', 'R_r_1902', 'R_r_1911']",1910.288172,1926.13787
Env_0807,"L-glycine, L-methionine, L-tryptophan","['R_r_1810', 'R_r_1902', 'R_r_1912']",1910.477696,1925.67542
Env_0808,"L-glycine, L-methionine, L-tyrosine","['R_r_1810', 'R_r_1902', 'R_r_1913']",1910.77914,1925.749791
Env_0809,"L-glycine, L-methionine, L-valine","['R_r_1810', 'R_r_1902', 'R_r_1914']",1910.290576,1903.864794
Env_0810,"L-glycine, L-phenylalanine, L-serine","['R_r_1810', 'R_r_1903', 'R_r_1906']",1907.75989,1923.974238
Env_0811,"L-glycine, L-phenylalanine, L-threonine","['R_r_1810', 'R_r_1903', 'R_r_1911']",1910.923211,1926.255898
Env_0812,"L-glycine, L-phenylalanine, L-tryptophan","['R_r_1810', 'R_r_1903', 'R_r_1912']",1911.11257,1925.765623
Env_0813,"L-glycine, L-phenylalanine, L-tyrosine","['R_r_1810', 'R_r_1903', 'R_r_1913']",1911.414015,1925.839993
Env_0814,"L-glycine, L-phenylalanine, L-valine","['R_r_1810', 'R_r_1903', 'R_r_1914']",1910.9301,1904.035923
Env_0815,"L-glycine, L-serine, L-threonine","['R_r_1810', 'R_r_1906', 'R_r_1911']",1907.048546,1924.328269
Env_0816,"L-glycine, L-serine, L-tryptophan","['R_r_1810', 'R_r_1906', 'R_r_1912']",1907.17614,1923.805052
Env_0817,"L-glycine, L-serine, L-tyrosine","['R_r_1810', 'R_r_1906', 'R_r_1913']",1907.512148,1923.897857
Env_0818,"L-glycine, L-serine, L-valine","['R_r_1810', 'R_r_1906', 'R_r_1914']",1907.128829,1902.06899
Env_0819,"L-glycine, L-threonine, L-tryptophan","['R_r_1810', 'R_r_1911', 'R_r_1912']",1910.394264,1926.11594
Env_0820,"L-glycine, L-threonine, L-tyrosine","['R_r_1810', 'R_r_1911', 'R_r_1913']",1910.695708,1926.190311
Env_0821,"L-glycine, L-threonine, L-valine","['R_r_1810', 'R_r_1911', 'R_r_1914']",1910.207144,1904.305314
Env_0822,"L-glycine, L-tryptophan, L-tyrosine","['R_r_1810', 'R_r_1912', 'R_r_1913']",1910.885067,1925.700036
Env_0823,"L-glycine, L-tryptophan, L-valine","['R_r_1810', 'R_r_1912', 'R_r_1914']",1910.397489,1903.840809
Env_0824,"L-glycine, L-tyrosine, L-valine","['R_r_1810', 'R_r_1913', 'R_r_1914']",1910.701489,1903.955568
Env_0825,"L-isoleucine, L-leucine, L-serine","['R_r_1897', 'R_r_1899', 'R_r_1906']",1907.189184,1924.97832
Env_0826,"L-isoleucine, L-lysine, L-serine","['R_r_1897', 'R_r_1900', 'R_r_1906']",1907.344281,1924.783972
Env_0827,"L-isoleucine, L-methionine, L-serine","['R_r_1897', 'R_r_1902', 'R_r_1906']",1907.155501,1924.376156
Env_0828,"L-isoleucine, L-phenylalanine, L-serine","['R_r_1897', 'R_r_1903', 'R_r_1906']",1907.848198,1924.532269
Env_0829,"L-isoleucine, L-serine, L-threonine","['R_r_1897', 'R_r_1906', 'R_r_1911']",1907.092348,1924.565741
Env_0830,"L-isoleucine, L-serine, L-tryptophan","['R_r_1897', 'R_r_1906', 'R_r_1912']",1907.264448,1924.363083
Env_0831,"L-isoleucine, L-serine, L-tyrosine","['R_r_1897', 'R_r_1906', 'R_r_1913']",1907.600456,1924.455888
Env_0832,"L-isoleucine, L-serine, L-valine","['R_r_1897', 'R_r_1906', 'R_r_1914']",1907.217137,1880.319155
Env_0833,"L-leucine, L-lysine, L-serine","['R_r_1899', 'R_r_1900', 'R_r_1906']",1907.390433,1924.95632
Env_0834,"L-leucine, L-methionine, L-serine","['R_r_1899', 'R_r_1902', 'R_r_1906']",1907.208679,1924.587323
Env_0835,"L-leucine, L-phenylalanine, L-serine","['R_r_1899', 'R_r_1903', 'R_r_1906']",1907.89435,1924.704616
Env_0836,"L-leucine, L-serine, L-threonine","['R_r_1899', 'R_r_1906', 'R_r_1911']",1907.183005,1925.058647
Env_0837,"L-leucine, L-serine, L-tryptophan","['R_r_1899', 'R_r_1906', 'R_r_1912']",1907.310599,1924.535431
Env_0838,"L-leucine, L-serine, L-tyrosine","['R_r_1899', 'R_r_1906', 'R_r_1913']",1907.646608,1924.628235
Env_0839,"L-leucine, L-serine, L-valine","['R_r_1899', 'R_r_1906', 'R_r_1914']",1907.177705,1924.744993
Env_0840,"L-lysine, L-methionine, L-serine","['R_r_1900', 'R_r_1902', 'R_r_1906']",1907.363776,1924.392975
Env_0841,"L-lysine, L-phenylalanine, L-serine","['R_r_1900', 'R_r_1903', 'R_r_1906']",1908.049447,1924.510268
Env_0842,"L-lysine, L-serine, L-threonine","['R_r_1900', 'R_r_1906', 'R_r_1911']",1907.338103,1924.864299
Env_0843,"L-lysine, L-serine, L-tryptophan","['R_r_1900', 'R_r_1906', 'R_r_1912']",1907.465697,1924.341083
Env_0844,"L-lysine, L-serine, L-tyrosine","['R_r_1900', 'R_r_1906', 'R_r_1913']",1907.801705,1924.433887
Env_0845,"L-lysine, L-serine, L-valine","['R_r_1900', 'R_r_1906', 'R_r_1914']",1907.418386,1902.605021
Env_0846,"L-methionine, L-phenylalanine, L-serine","['R_r_1902', 'R_r_1903', 'R_r_1906']",1907.867693,1924.141271
Env_0847,"L-methionine, L-serine, L-threonine","['R_r_1902', 'R_r_1906', 'R_r_1911']",1907.151998,1924.465243
Env_0848,"L-methionine, L-serine, L-tryptophan","['R_r_1902', 'R_r_1906', 'R_r_1912']",1907.283943,1923.972086
Env_0849,"L-methionine, L-serine, L-tyrosine","['R_r_1902', 'R_r_1906', 'R_r_1913']",1907.619951,1924.06489
Env_0850,"L-methionine, L-serine, L-valine","['R_r_1902', 'R_r_1906', 'R_r_1914']",1907.236632,1902.236024
Env_0851,"L-phenylalanine, L-serine, L-threonine","['R_r_1903', 'R_r_1906', 'R_r_1911']",1907.84202,1924.612595
Env_0852,"L-phenylalanine, L-serine, L-tryptophan","['R_r_1903', 'R_r_1906', 'R_r_1912']",1907.969614,1924.089379
Env_0853,"L-phenylalanine, L-serine, L-tyrosine","['R_r_1903', 'R_r_1906', 'R_r_1913']",1908.305622,1924.182184
Env_0854,"L-phenylalanine, L-serine, L-valine","['R_r_1903', 'R_r_1906', 'R_r_1914']",1907.927746,1902.434668
Env_0855,"L-serine, L-threonine, L-tryptophan","['R_r_1906', 'R_r_1911', 'R_r_1912']",1907.258269,1924.44341
Env_0856,"L-serine, L-threonine, L-tyrosine","['R_r_1906', 'R_r_1911', 'R_r_1913']",1907.594277,1924.536214
Env_0857,"L-serine, L-threonine, L-valine","['R_r_1906', 'R_r_1911', 'R_r_1914']",1907.210958,1902.707348
Env_0858,"L-serine, L-tryptophan, L-tyrosine","['R_r_1906', 'R_r_1912', 'R_r_1913']",1907.721872,1924.012998
Env_0859,"L-serine, L-tryptophan, L-valine","['R_r_1906', 'R_r_1912', 'R_r_1914']",1907.339707,1902.209992
Env_0860,"L-serine, L-tyrosine, L-valine","['R_r_1906', 'R_r_1913', 'R_r_1914']",1907.678707,1902.343418
Env_0861,"ammonium, D-galactose, D-glucose","['R_r_1654', 'R_r_1710', 'R_r_1714']",1985.952079,1966.19628
Env_0862,"ammonium, D-galactose, L-alanine","['R_r_1654', 'R_r_1710', 'R_r_1873']",1904.614537,1923.982733
Env_0863,"ammonium, D-galactose, L-arginine","['R_r_1654', 'R_r_1710', 'R_r_1879']",1905.250906,1879.690125
Env_0864,"ammonium, D-galactose, L-asparagine","['R_r_1654', 'R_r_1710', 'R_r_1880']",1905.139143,1857.281783
Env_0865,"ammonium, D-galactose, L-aspartate","['R_r_1654', 'R_r_1710', 'R_r_1881']",1905.019608,1856.171175
Env_0866,"ammonium, D-galactose, L-glutamate","['R_r_1654', 'R_r_1710', 'R_r_1889']",1906.018955,1880.161997
Env_0867,"ammonium, D-galactose, L-glutamine","['R_r_1654', 'R_r_1710', 'R_r_1891']",1905.802946,1858.362329
Env_0868,"ammonium, D-galactose, L-glycine","['R_r_1654', 'R_r_1710', 'R_r_1810']",1904.067497,1923.187039
Env_0869,"ammonium, D-galactose, L-isoleucine","['R_r_1654', 'R_r_1710', 'R_r_1897']",1903.992412,1923.223601
Env_0870,"ammonium, D-galactose, L-leucine","['R_r_1654', 'R_r_1710', 'R_r_1899']",1904.038734,1923.330726
Env_0871,"ammonium, D-galactose, L-lysine","['R_r_1654', 'R_r_1710', 'R_r_1900']",1903.21496,1922.449686
Env_0872,"ammonium, D-galactose, L-methionine","['R_r_1654', 'R_r_1710', 'R_r_1902']",1902.939152,1922.0752
Env_0873,"ammonium, D-galactose, L-phenylalanine","['R_r_1654', 'R_r_1710', 'R_r_1903']",1903.636598,1922.051402
Env_0874,"ammonium, D-galactose, L-serine","['R_r_1654', 'R_r_1710', 'R_r_1906']",1904.316151,1923.770548
Env_0875,"ammonium, D-galactose, L-threonine","['R_r_1654', 'R_r_1710', 'R_r_1911']",1903.003161,1922.618029
Env_0876,"ammonium, D-galactose, L-tryptophan","['R_r_1654', 'R_r_1710', 'R_r_1912']",1904.033126,1946.116113
Env_0877,"ammonium, D-galactose, L-tyrosine","['R_r_1654', 'R_r_1710', 'R_r_1913']",1905.419107,1946.896633
Env_0878,"ammonium, D-galactose, L-valine","['R_r_1654', 'R_r_1710', 'R_r_1914']",1904.101128,1924.331196
Env_0879,"ammonium, D-galactose, ethanol","['R_r_1654', 'R_r_1710', 'R_r_1761']",1985.947093,1966.191342
Env_0880,"ammonium, D-galactose, glycerol","['R_r_1654', 'R_r_1710', 'R_r_1808']",1985.917891,1966.181465
Env_0881,"ammonium, D-glucose, L-alanine","['R_r_1654', 'R_r_1714', 'R_r_1873']",1904.614537,1923.982733
Env_0882,"ammonium, D-glucose, L-arginine","['R_r_1654', 'R_r_1714', 'R_r_1879']",1905.250906,1879.690125
Env_0883,"ammonium, D-glucose, L-asparagine","['R_r_1654', 'R_r_1714', 'R_r_1880']",1905.139143,1857.281783
Env_0884,"ammonium, D-glucose, L-aspartate","['R_r_1654', 'R_r_1714', 'R_r_1881']",1905.019608,1856.171175
Env_0885,"ammonium, D-glucose, L-glutamate","['R_r_1654', 'R_r_1714', 'R_r_1889']",1906.018955,1880.161997
Env_0886,"ammonium, D-glucose, L-glutamine","['R_r_1654', 'R_r_1714', 'R_r_1891']",1905.802946,1858.362329
Env_0887,"ammonium, D-glucose, L-glycine","['R_r_1654', 'R_r_1714', 'R_r_1810']",1904.067497,1923.187039
Env_0888,"ammonium, D-glucose, L-isoleucine","['R_r_1654', 'R_r_1714', 'R_r_1897']",1903.992412,1923.223601
Env_0889,"ammonium, D-glucose, L-leucine","['R_r_1654', 'R_r_1714', 'R_r_1899']",1904.038734,1923.330726
Env_0890,"ammonium, D-glucose, L-lysine","['R_r_1654', 'R_r_1714', 'R_r_1900']",1903.21496,1922.449686
Env_0891,"ammonium, D-glucose, L-methionine","['R_r_1654', 'R_r_1714', 'R_r_1902']",1902.939152,1922.0752
Env_0892,"ammonium, D-glucose, L-phenylalanine","['R_r_1654', 'R_r_1714', 'R_r_1903']",1903.636598,1922.051402
Env_0893,"ammonium, D-glucose, L-serine","['R_r_1654', 'R_r_1714', 'R_r_1906']",1904.316151,1923.770548
Env_0894,"ammonium, D-glucose, L-threonine","['R_r_1654', 'R_r_1714', 'R_r_1911']",1903.003161,1922.618029
Env_0895,"ammonium, D-glucose, L-tryptophan","['R_r_1654', 'R_r_1714', 'R_r_1912']",1904.033126,1946.116113
Env_0896,"ammonium, D-glucose, L-tyrosine","['R_r_1654', 'R_r_1714', 'R_r_1913']",1905.419107,1946.896633
Env_0897,"ammonium, D-glucose, L-valine","['R_r_1654', 'R_r_1714', 'R_r_1914']",1904.101128,1924.331196
Env_0898,"ammonium, D-glucose, ethanol","['R_r_1654', 'R_r_1714', 'R_r_1761']",1985.947093,1966.191342
Env_0899,"ammonium, D-glucose, glycerol","['R_r_1654', 'R_r_1714', 'R_r_1808']",1985.917891,1966.181465
Env_0900,"ammonium, L-alanine, L-glutamate","['R_r_1654', 'R_r_1873', 'R_r_1889']",1910.474825,1861.131018
Env_0901,"ammonium, L-alanine, L-serine","['R_r_1654', 'R_r_1873', 'R_r_1906']",1908.78114,1925.613448
Env_0902,"ammonium, L-arginine, L-glutamate","['R_r_1654', 'R_r_1879', 'R_r_1889']",1703.189064,1748.64732
Env_0903,"ammonium, L-arginine, L-serine","['R_r_1654', 'R_r_1879', 'R_r_1906']",1703.351469,1748.717522
Env_0904,"ammonium, L-asparagine, L-glutamate","['R_r_1654', 'R_r_1880', 'R_r_1889']",1910.539568,1861.157343
Env_0905,"ammonium, L-asparagine, L-serine","['R_r_1654', 'R_r_1880', 'R_r_1906']",1918.311865,1886.739651
Env_0906,"ammonium, L-aspartate, L-glutamate","['R_r_1654', 'R_r_1881', 'R_r_1889']",1910.476748,1861.109137
Env_0907,"ammonium, L-aspartate, L-serine","['R_r_1654', 'R_r_1881', 'R_r_1906']",1910.135187,1882.356157
Env_0908,"ammonium, L-glutamate, L-glycine","['R_r_1654', 'R_r_1810', 'R_r_1889']",1910.481876,1861.102642
Env_0909,"ammonium, L-glutamate, L-isoleucine","['R_r_1654', 'R_r_1889', 'R_r_1897']",1910.486763,1883.857807
Env_0910,"ammonium, L-glutamate, L-leucine","['R_r_1654', 'R_r_1889', 'R_r_1899']",1910.458389,1884.619738
Env_0911,"ammonium, L-glutamate, L-lysine","['R_r_1654', 'R_r_1889', 'R_r_1900']",1910.605812,1883.830764
Env_0912,"ammonium, L-glutamate, L-methionine","['R_r_1654', 'R_r_1889', 'R_r_1902']",1910.570811,1861.291383
Env_0913,"ammonium, L-glutamate, L-phenylalanine","['R_r_1654', 'R_r_1889', 'R_r_1903']",1911.177789,1861.397486
Env_0914,"ammonium, L-glutamate, L-serine","['R_r_1654', 'R_r_1889', 'R_r_1906']",1910.472902,1861.108454
Env_0915,"ammonium, L-glutamate, L-threonine","['R_r_1654', 'R_r_1889', 'R_r_1911']",1910.475466,1861.227428
Env_0916,"ammonium, L-glutamate, L-tryptophan","['R_r_1654', 'R_r_1889', 'R_r_1912']",1910.671081,1861.191982
Env_0917,"ammonium, L-glutamate, L-tyrosine","['R_r_1654', 'R_r_1889', 'R_r_1913']",1910.954697,1861.30018
Env_0918,"ammonium, L-glutamate, L-valine","['R_r_1654', 'R_r_1889', 'R_r_1914']",1910.427043,1884.290087
Env_0919,"ammonium, L-glutamine, L-serine","['R_r_1654', 'R_r_1891', 'R_r_1906']",1916.781401,1864.417809
Env_0920,"ammonium, L-isoleucine, L-serine","['R_r_1654', 'R_r_1897', 'R_r_1906']",1907.047611,1924.244148
Env_0921,"ammonium, L-leucine, L-serine","['R_r_1654', 'R_r_1899', 'R_r_1906']",1907.093762,1924.416495
Env_0922,"ammonium, L-lysine, L-serine","['R_r_1654', 'R_r_1900', 'R_r_1906']",1907.24886,1924.222147
Env_0923,"ammonium, L-methionine, L-serine","['R_r_1654', 'R_r_1902', 'R_r_1906']",1907.067106,1923.85315
Env_0924,"ammonium, L-phenylalanine, L-serine","['R_r_1654', 'R_r_1903', 'R_r_1906']",1907.752777,1923.970444
Env_0925,"ammonium, L-serine, L-threonine","['R_r_1654', 'R_r_1906', 'R_r_1911']",1907.041432,1924.324475
Env_0926,"ammonium, L-serine, L-tryptophan","['R_r_1654', 'R_r_1906', 'R_r_1912']",1907.169026,1923.801258
Env_0927,"ammonium, L-serine, L-tyrosine","['R_r_1654', 'R_r_1906', 'R_r_1913']",1907.505034,1923.894063
Env_0928,"ammonium, L-serine, L-valine","['R_r_1654', 'R_r_1906', 'R_r_1914']",1907.121715,1902.065196
Env_0929,"ammonium, ethanol, L-glutamate","['R_r_1654', 'R_r_1761', 'R_r_1889']",1910.431235,1861.108454
Env_0930,"ammonium, ethanol, L-serine","['R_r_1654', 'R_r_1761', 'R_r_1906']",1823.411951,1879.127529
Env_0931,"ammonium, glycerol, L-alanine","['R_r_1654', 'R_r_1808', 'R_r_1873']",1858.858021,1922.14399
Env_0932,"ammonium, glycerol, L-arginine","['R_r_1654', 'R_r_1808', 'R_r_1879']",1703.021923,1748.553886
Env_0933,"ammonium, glycerol, L-asparagine","['R_r_1654', 'R_r_1808', 'R_r_1880']",1858.859351,1833.001403
Env_0934,"ammonium, glycerol, L-aspartate","['R_r_1654', 'R_r_1808', 'R_r_1881']",1901.002476,1876.585041
Env_0935,"ammonium, glycerol, L-glutamate","['R_r_1654', 'R_r_1808', 'R_r_1889']",1910.410722,1861.06777
Env_0936,"ammonium, glycerol, L-glutamine","['R_r_1654', 'R_r_1808', 'R_r_1891']",1916.713219,1864.373364
Env_0937,"ammonium, glycerol, L-glycine","['R_r_1654', 'R_r_1808', 'R_r_1810']",1857.80212,1898.912796
Env_0938,"ammonium, glycerol, L-isoleucine","['R_r_1654', 'R_r_1808', 'R_r_1897']",1857.375272,1898.802009
Env_0939,"ammonium, glycerol, L-leucine","['R_r_1654', 'R_r_1808', 'R_r_1899']",1857.468686,1898.928868
Env_0940,"ammonium, glycerol, L-lysine","['R_r_1654', 'R_r_1808', 'R_r_1900']",1730.55311,1786.233166
Env_0941,"ammonium, glycerol, L-methionine","['R_r_1654', 'R_r_1808', 'R_r_1902']",1687.741826,1763.218482
Env_0942,"ammonium, glycerol, L-phenylalanine","['R_r_1654', 'R_r_1808', 'R_r_1903']",1688.474753,1740.982759
Env_0943,"ammonium, glycerol, L-serine","['R_r_1654', 'R_r_1808', 'R_r_1906']",1858.506054,1921.909345
Env_0944,"ammonium, glycerol, L-threonine","['R_r_1654', 'R_r_1808', 'R_r_1911']",1688.191044,1763.94087
Env_0945,"ammonium, glycerol, L-tryptophan","['R_r_1654', 'R_r_1808', 'R_r_1912']",1857.342134,1921.664586
Env_0946,"ammonium, glycerol, L-tyrosine","['R_r_1654', 'R_r_1808', 'R_r_1913']",1858.959942,1922.542458
Env_0947,"ammonium, glycerol, L-valine","['R_r_1654', 'R_r_1808', 'R_r_1914']",1857.599265,1899.958022
Env_0948,"ethanol, L-alanine, L-asparagine","['R_r_1761', 'R_r_1873', 'R_r_1880']",1918.311865,1886.784096
Env_0949,"ethanol, L-alanine, L-aspartate","['R_r_1761', 'R_r_1873', 'R_r_1881']",1910.09352,1882.378379
Env_0950,"ethanol, L-alanine, L-glutamate","['R_r_1761', 'R_r_1873', 'R_r_1889']",1910.428671,1861.145035
Env_0951,"ethanol, L-alanine, L-glutamine","['R_r_1761', 'R_r_1873', 'R_r_1891']",1916.710694,1864.440031
Env_0952,"ethanol, L-alanine, L-glycine","['R_r_1761', 'R_r_1810', 'R_r_1873']",1908.746587,1901.121891
Env_0953,"ethanol, L-alanine, L-serine","['R_r_1761', 'R_r_1873', 'R_r_1906']",1908.739474,1925.591226
Env_0954,"ethanol, L-arginine, L-asparagine","['R_r_1761', 'R_r_1879', 'R_r_1880']",1703.474575,1748.832674
Env_0955,"ethanol, L-arginine, L-aspartate","['R_r_1761', 'R_r_1879', 'R_r_1881']",1703.568325,1748.866007
Env_0956,"ethanol, L-arginine, L-glutamate","['R_r_1761', 'R_r_1879', 'R_r_1889']",1703.529026,1748.84429
Env_0957,"ethanol, L-arginine, L-glutamine","['R_r_1761', 'R_r_1879', 'R_r_1891']",1705.11966,1749.875785
Env_0958,"ethanol, L-arginine, L-glycine","['R_r_1761', 'R_r_1810', 'R_r_1879']",1703.420598,1748.758936
Env_0959,"ethanol, L-arginine, L-serine","['R_r_1761', 'R_r_1879', 'R_r_1906']",1703.691431,1748.914492
Env_0960,"ethanol, L-asparagine, L-aspartate","['R_r_1761', 'R_r_1880', 'R_r_1881']",1918.311865,1886.761874
Env_0961,"ethanol, L-asparagine, L-glutamate","['R_r_1761', 'R_r_1880', 'R_r_1889']",1910.493415,1861.17136
Env_0962,"ethanol, L-asparagine, L-glutamine","['R_r_1761', 'R_r_1880', 'R_r_1891']",1916.762461,1864.462253
Env_0963,"ethanol, L-asparagine, L-glycine","['R_r_1761', 'R_r_1810', 'R_r_1880']",1918.311865,1886.761874
Env_0964,"ethanol, L-asparagine, L-isoleucine","['R_r_1761', 'R_r_1880', 'R_r_1897']",1918.311865,1887.187163
Env_0965,"ethanol, L-asparagine, L-leucine","['R_r_1761', 'R_r_1880', 'R_r_1899']",1918.311865,1887.947474
Env_0966,"ethanol, L-asparagine, L-lysine","['R_r_1761', 'R_r_1880', 'R_r_1900']",1918.311865,1887.334274
Env_0967,"ethanol, L-asparagine, L-methionine","['R_r_1761', 'R_r_1880', 'R_r_1902']",1918.33617,1886.852739
Env_0968,"ethanol, L-asparagine, L-phenylalanine","['R_r_1761', 'R_r_1880', 'R_r_1903']",1918.81399,1886.880896
Env_0969,"ethanol, L-asparagine, L-serine","['R_r_1761', 'R_r_1880', 'R_r_1906']",1918.311865,1886.761874
Env_0970,"ethanol, L-asparagine, L-threonine","['R_r_1761', 'R_r_1880', 'R_r_1911']",1918.311865,1887.185718
Env_0971,"ethanol, L-asparagine, L-tryptophan","['R_r_1761', 'R_r_1880', 'R_r_1912']",1918.418365,1886.799741
Env_0972,"ethanol, L-asparagine, L-tyrosine","['R_r_1761', 'R_r_1880', 'R_r_1913']",1918.651865,1886.85254
Env_0973,"ethanol, L-asparagine, L-valine","['R_r_1761', 'R_r_1880', 'R_r_1914']",1918.311865,1887.63454
Env_0974,"ethanol, L-aspartate, L-glutamate","['R_r_1761', 'R_r_1881', 'R_r_1889']",1910.430594,1861.123155
Env_0975,"ethanol, L-aspartate, L-glutamine","['R_r_1761', 'R_r_1881', 'R_r_1891']",1916.711956,1864.417808
Env_0976,"ethanol, L-aspartate, L-glycine","['R_r_1761', 'R_r_1810', 'R_r_1881']",1910.100303,1882.359774
Env_0977,"ethanol, L-aspartate, L-isoleucine","['R_r_1761', 'R_r_1881', 'R_r_1897']",1910.108017,1882.789177
Env_0978,"ethanol, L-aspartate, L-leucine","['R_r_1761', 'R_r_1881', 'R_r_1899']",1910.092586,1883.541258
Env_0979,"ethanol, L-aspartate, L-lysine","['R_r_1761', 'R_r_1881', 'R_r_1900']",1910.234121,1883.003544
Env_0980,"ethanol, L-aspartate, L-methionine","['R_r_1761', 'R_r_1881', 'R_r_1902']",1910.190054,1882.485543
Env_0981,"ethanol, L-aspartate, L-phenylalanine","['R_r_1761', 'R_r_1881', 'R_r_1903']",1910.80518,1882.586931
Env_0982,"ethanol, L-aspartate, L-serine","['R_r_1761', 'R_r_1881', 'R_r_1906']",1910.091582,1882.355123
Env_0983,"ethanol, L-aspartate, L-threonine","['R_r_1761', 'R_r_1881', 'R_r_1911']",1910.091225,1882.778777
Env_0984,"ethanol, L-aspartate, L-tryptophan","['R_r_1761', 'R_r_1881', 'R_r_1912']",1910.290365,1882.442207
Env_0985,"ethanol, L-aspartate, L-tyrosine","['R_r_1761', 'R_r_1881', 'R_r_1913']",1910.57976,1882.524818
Env_0986,"ethanol, L-aspartate, L-valine","['R_r_1761', 'R_r_1881', 'R_r_1914']",1910.062842,1883.212461
Env_0987,"ethanol, L-glutamate, L-glutamine","['R_r_1761', 'R_r_1889', 'R_r_1891']",1916.69933,1864.395586
Env_0988,"ethanol, L-glutamate, L-glycine","['R_r_1761', 'R_r_1810', 'R_r_1889']",1910.435722,1861.116659
Env_0989,"ethanol, L-glutamate, L-isoleucine","['R_r_1761', 'R_r_1889', 'R_r_1897']",1910.440609,1883.871824
Env_0990,"ethanol, L-glutamate, L-leucine","['R_r_1761', 'R_r_1889', 'R_r_1899']",1910.412235,1884.617345
Env_0991,"ethanol, L-glutamate, L-lysine","['R_r_1761', 'R_r_1889', 'R_r_1900']",1910.559658,1883.828371
Env_0992,"ethanol, L-glutamate, L-methionine","['R_r_1761', 'R_r_1889', 'R_r_1902']",1910.524657,1861.3054
Env_0993,"ethanol, L-glutamate, L-phenylalanine","['R_r_1761', 'R_r_1889', 'R_r_1903']",1911.131635,1883.633725
Env_0994,"ethanol, L-glutamate, L-serine","['R_r_1761', 'R_r_1889', 'R_r_1906']",1910.426748,1861.122471
Env_0995,"ethanol, L-glutamate, L-threonine","['R_r_1761', 'R_r_1889', 'R_r_1911']",1910.429312,1861.241445
Env_0996,"ethanol, L-glutamate, L-tryptophan","['R_r_1761', 'R_r_1889', 'R_r_1912']",1910.624927,1861.205999
Env_0997,"ethanol, L-glutamate, L-tyrosine","['R_r_1761', 'R_r_1889', 'R_r_1913']",1910.908543,1861.314197
Env_0998,"ethanol, L-glutamate, L-valine","['R_r_1761', 'R_r_1889', 'R_r_1914']",1910.380889,1884.287694
Env_0999,"ethanol, L-glutamine, L-glycine","['R_r_1761', 'R_r_1810', 'R_r_1891']",1916.729633,1864.417809
Env_1000,"ethanol, L-glutamine, L-isoleucine","['R_r_1761', 'R_r_1891', 'R_r_1897']",1916.609277,1864.88592
Env_1001,"ethanol, L-glutamine, L-leucine","['R_r_1761', 'R_r_1891', 'R_r_1899']",1916.523936,1887.876919
Env_1002,"ethanol, L-glutamine, L-lysine","['R_r_1761', 'R_r_1891', 'R_r_1900']",1916.66511,1887.084612
Env_1003,"ethanol, L-glutamine, L-methionine","['R_r_1761', 'R_r_1891', 'R_r_1902']",1916.782278,1864.587765
Env_1004,"ethanol, L-glutamine, L-phenylalanine","['R_r_1761', 'R_r_1891', 'R_r_1903']",1917.300604,1864.645934
Env_1005,"ethanol, L-glutamine, L-serine","['R_r_1761', 'R_r_1891', 'R_r_1906']",1916.709431,1864.417809
Env_1006,"ethanol, L-glutamine, L-threonine","['R_r_1761', 'R_r_1891', 'R_r_1911']",1916.696805,1864.52892
Env_1007,"ethanol, L-glutamine, L-tryptophan","['R_r_1761', 'R_r_1891', 'R_r_1912']",1916.89129,1864.493542
Env_1008,"ethanol, L-glutamine, L-tyrosine","['R_r_1761', 'R_r_1891', 'R_r_1913']",1917.115769,1864.56892
Env_1009,"ethanol, L-glutamine, L-valine","['R_r_1761', 'R_r_1891', 'R_r_1914']",1916.393913,1887.49464
Env_1010,"ethanol, L-glycine, L-isoleucine","['R_r_1761', 'R_r_1810', 'R_r_1897']",1750.164588,1815.717904
Env_1011,"ethanol, L-glycine, L-leucine","['R_r_1761', 'R_r_1810', 'R_r_1899']",1750.724716,1816.253284
Env_1012,"ethanol, L-glycine, L-lysine","['R_r_1761', 'R_r_1810', 'R_r_1900']",1750.930654,1816.017917
Env_1013,"ethanol, L-glycine, L-methionine","['R_r_1761', 'R_r_1810', 'R_r_1902']",1749.815694,1815.10324
Env_1014,"ethanol, L-glycine, L-phenylalanine","['R_r_1761', 'R_r_1810', 'R_r_1903']",1751.103025,1815.595219
Env_1015,"ethanol, L-glycine, L-serine","['R_r_1761', 'R_r_1810', 'R_r_1906']",1823.419065,1879.131323
Env_1016,"ethanol, L-glycine, L-threonine","['R_r_1761', 'R_r_1810', 'R_r_1911']",1750.435713,1815.98866
Env_1017,"ethanol, L-glycine, L-tryptophan","['R_r_1761', 'R_r_1810', 'R_r_1912']",1749.892438,1815.041225
Env_1018,"ethanol, L-glycine, L-tyrosine","['R_r_1761', 'R_r_1810', 'R_r_1913']",1750.651383,1815.393551
Env_1019,"ethanol, L-glycine, L-valine","['R_r_1761', 'R_r_1810', 'R_r_1914']",1751.125966,1816.549551
Env_1020,"ethanol, L-isoleucine, L-serine","['R_r_1761', 'R_r_1897', 'R_r_1906']",1823.507373,1879.689354
Env_1021,"ethanol, L-leucine, L-serine","['R_r_1761', 'R_r_1899', 'R_r_1906']",1823.553524,1879.861702
Env_1022,"ethanol, L-lysine, L-serine","['R_r_1761', 'R_r_1900', 'R_r_1906']",1823.708622,1879.667354
Env_1023,"ethanol, L-methionine, L-serine","['R_r_1761', 'R_r_1902', 'R_r_1906']",1823.526588,1879.298191
Env_1024,"ethanol, L-phenylalanine, L-serine","['R_r_1761', 'R_r_1903', 'R_r_1906']",1824.212539,1879.41565
Env_1025,"ethanol, L-serine, L-threonine","['R_r_1761', 'R_r_1906', 'R_r_1911']",1823.501194,1879.769681
Env_1026,"ethanol, L-serine, L-tryptophan","['R_r_1761', 'R_r_1906', 'R_r_1912']",1823.628789,1879.246465
Env_1027,"ethanol, L-serine, L-tyrosine","['R_r_1761', 'R_r_1906', 'R_r_1913']",1823.964797,1879.339269
Env_1028,"ethanol, L-serine, L-valine","['R_r_1761', 'R_r_1906', 'R_r_1914']",1823.292125,1879.649531
Env_1029,"ethanol, glycerol, L-arginine","['R_r_1761', 'R_r_1808', 'R_r_1879']",1703.361885,1748.750856
Env_1030,"ethanol, glycerol, L-asparagine","['R_r_1761', 'R_r_1808', 'R_r_1880']",1858.920249,1833.00589
Env_1031,"ethanol, glycerol, L-aspartate","['R_r_1761', 'R_r_1808', 'R_r_1881']",1901.067361,1876.628427
Env_1032,"ethanol, glycerol, L-glutamate","['R_r_1761', 'R_r_1808', 'R_r_1889']",1910.364568,1861.081787
Env_1033,"ethanol, glycerol, L-glutamine","['R_r_1761', 'R_r_1808', 'R_r_1891']",1916.641249,1864.373364
Env_1034,"ethanol, glycerol, L-glycine","['R_r_1761', 'R_r_1808', 'R_r_1810']",1857.846991,1898.94271
Env_1035,"ethanol, glycerol, L-serine","['R_r_1761', 'R_r_1808', 'R_r_1906']",1858.563746,1921.953362
Env_1036,"ethanol, glycerol, L-tryptophan","['R_r_1761', 'R_r_1808', 'R_r_1912']",1857.374186,1921.70262
Env_1037,"ethanol, glycerol, L-tyrosine","['R_r_1761', 'R_r_1808', 'R_r_1913']",1859.014429,1922.595449
Env_1038,"ethanol, glycerol, L-valine","['R_r_1761', 'R_r_1808', 'R_r_1914']",1857.631317,1899.996056
Env_1039,"glycerol, L-alanine, L-arginine","['R_r_1808', 'R_r_1873', 'R_r_1879']",1703.403552,1748.773078
Env_1040,"glycerol, L-alanine, L-asparagine","['R_r_1808', 'R_r_1873', 'R_r_1880']",1858.913838,1833.048838
Env_1041,"glycerol, L-alanine, L-aspartate","['R_r_1808', 'R_r_1873', 'R_r_1881']",1901.056963,1876.632477
Env_1042,"glycerol, L-alanine, L-glutamate","['R_r_1808', 'R_r_1873', 'R_r_1889']",1910.408158,1861.104351
Env_1043,"glycerol, L-alanine, L-glutamine","['R_r_1808', 'R_r_1873', 'R_r_1891']",1916.682916,1864.395586
Env_1044,"glycerol, L-alanine, L-glycine","['R_r_1808', 'R_r_1810', 'R_r_1873']",1858.893277,1922.17305
Env_1045,"glycerol, L-alanine, L-isoleucine","['R_r_1808', 'R_r_1873', 'R_r_1897']",1859.117044,1922.785189
Env_1046,"glycerol, L-alanine, L-leucine","['R_r_1808', 'R_r_1873', 'R_r_1899']",1859.151573,1922.861269
Env_1047,"glycerol, L-alanine, L-lysine","['R_r_1808', 'R_r_1873', 'R_r_1900']",1900.855932,1944.788953
Env_1048,"glycerol, L-alanine, L-methionine","['R_r_1808', 'R_r_1873', 'R_r_1902']",1859.084926,1922.401708
Env_1049,"glycerol, L-alanine, L-phenylalanine","['R_r_1808', 'R_r_1873', 'R_r_1903']",1901.478994,1944.624226
Env_1050,"glycerol, L-alanine, L-serine","['R_r_1808', 'R_r_1873', 'R_r_1906']",1858.906097,1922.187152
Env_1051,"glycerol, L-alanine, L-threonine","['R_r_1808', 'R_r_1873', 'R_r_1911']",1859.059392,1922.819888
Env_1052,"glycerol, L-alanine, L-tryptophan","['R_r_1808', 'R_r_1873', 'R_r_1912']",1859.115303,1922.262
Env_1053,"glycerol, L-alanine, L-tyrosine","['R_r_1808', 'R_r_1873', 'R_r_1913']",1901.199238,1944.558802
Env_1054,"glycerol, L-alanine, L-valine","['R_r_1808', 'R_r_1873', 'R_r_1914']",1900.86605,1922.710358
Env_1055,"glycerol, L-arginine, L-asparagine","['R_r_1808', 'R_r_1879', 'R_r_1880']",1703.26056,1748.733684
Env_1056,"glycerol, L-arginine, L-aspartate","['R_r_1808', 'R_r_1879', 'R_r_1881']",1703.35431,1748.767017
Env_1057,"glycerol, L-arginine, L-glutamate","['R_r_1808', 'R_r_1879', 'R_r_1889']",1703.31501,1748.7453
Env_1058,"glycerol, L-arginine, L-glutamine","['R_r_1808', 'R_r_1879', 'R_r_1891']",1704.905645,1749.776795
Env_1059,"glycerol, L-arginine, L-glycine","['R_r_1808', 'R_r_1810', 'R_r_1879']",1703.206582,1748.659947
Env_1060,"glycerol, L-arginine, L-isoleucine","['R_r_1808', 'R_r_1879', 'R_r_1897']",1704.159293,1749.676903
Env_1061,"glycerol, L-arginine, L-leucine","['R_r_1808', 'R_r_1879', 'R_r_1899']",1703.752318,1750.032612
Env_1062,"glycerol, L-arginine, L-lysine","['R_r_1808', 'R_r_1879', 'R_r_1900']",1705.693759,1750.401012
Env_1063,"glycerol, L-arginine, L-methionine","['R_r_1808', 'R_r_1879', 'R_r_1902']",1703.761777,1749.068785
Env_1064,"glycerol, L-arginine, L-phenylalanine","['R_r_1808', 'R_r_1879', 'R_r_1903']",1705.074169,1749.598712
Env_1065,"glycerol, L-arginine, L-serine","['R_r_1808', 'R_r_1879', 'R_r_1906']",1703.477416,1748.815502
Env_1066,"glycerol, L-arginine, L-threonine","['R_r_1808', 'R_r_1879', 'R_r_1911']",1703.290389,1748.84227
Env_1067,"glycerol, L-arginine, L-tryptophan","['R_r_1808', 'R_r_1879', 'R_r_1912']",1703.427175,1748.781549
Env_1068,"glycerol, L-arginine, L-tyrosine","['R_r_1808', 'R_r_1879', 'R_r_1913']",1704.389651,1749.262734
Env_1069,"glycerol, L-arginine, L-valine","['R_r_1808', 'R_r_1879', 'R_r_1914']",1703.460489,1749.565492
Env_1070,"glycerol, L-asparagine, L-aspartate","['R_r_1808', 'R_r_1880', 'R_r_1881']",1858.920249,1832.986445
Env_1071,"glycerol, L-asparagine, L-glutamate","['R_r_1808', 'R_r_1880', 'R_r_1889']",1910.472902,1861.130676
Env_1072,"glycerol, L-asparagine, L-glutamine","['R_r_1808', 'R_r_1880', 'R_r_1891']",1916.734684,1864.417808
Env_1073,"glycerol, L-asparagine, L-glycine","['R_r_1808', 'R_r_1810', 'R_r_1880']",1858.894608,1833.030462
Env_1074,"glycerol, L-asparagine, L-isoleucine","['R_r_1808', 'R_r_1880', 'R_r_1897']",1859.119781,1833.425231
Env_1075,"glycerol, L-asparagine, L-leucine","['R_r_1808', 'R_r_1880', 'R_r_1899']",1900.8623,1878.273446
Env_1076,"glycerol, L-asparagine, L-lysine","['R_r_1808', 'R_r_1880', 'R_r_1900']",1900.870838,1855.59785
Env_1077,"glycerol, L-asparagine, L-methionine","['R_r_1808', 'R_r_1880', 'R_r_1902']",1859.080372,1833.174789
Env_1078,"glycerol, L-asparagine, L-phenylalanine","['R_r_1808', 'R_r_1880', 'R_r_1903']",1901.489994,1877.843455
Env_1079,"glycerol, L-asparagine, L-serine","['R_r_1808', 'R_r_1880', 'R_r_1906']",1858.907428,1833.044565
Env_1080,"glycerol, L-asparagine, L-threonine","['R_r_1808', 'R_r_1880', 'R_r_1911']",1859.045207,1833.443909
Env_1081,"glycerol, L-asparagine, L-tryptophan","['R_r_1808', 'R_r_1880', 'R_r_1912']",1859.119364,1833.158311
Env_1082,"glycerol, L-asparagine, L-tyrosine","['R_r_1808', 'R_r_1880', 'R_r_1913']",1901.207172,1877.734339
Env_1083,"glycerol, L-asparagine, L-valine","['R_r_1808', 'R_r_1880', 'R_r_1914']",1900.900954,1855.73911
Env_1084,"glycerol, L-aspartate, L-glutamate","['R_r_1808', 'R_r_1881', 'R_r_1889']",1910.410081,1861.082471
Env_1085,"glycerol, L-aspartate, L-glutamine","['R_r_1808', 'R_r_1881', 'R_r_1891']",1916.684178,1864.373364
Env_1086,"glycerol, L-aspartate, L-glycine","['R_r_1808', 'R_r_1810', 'R_r_1881']",1901.037732,1876.614101
Env_1087,"glycerol, L-aspartate, L-isoleucine","['R_r_1808', 'R_r_1881', 'R_r_1897']",1901.239217,1877.183736
Env_1088,"glycerol, L-aspartate, L-leucine","['R_r_1808', 'R_r_1881', 'R_r_1899']",1901.279451,1877.85642
Env_1089,"glycerol, L-aspartate, L-lysine","['R_r_1808', 'R_r_1881', 'R_r_1900']",1901.281105,1877.263056
Env_1090,"glycerol, L-aspartate, L-methionine","['R_r_1808', 'R_r_1881', 'R_r_1902']",1901.223998,1876.798077
Env_1091,"glycerol, L-aspartate, L-phenylalanine","['R_r_1808', 'R_r_1881', 'R_r_1903']",1901.964279,1876.974608
Env_1092,"glycerol, L-aspartate, L-serine","['R_r_1808', 'R_r_1881', 'R_r_1906']",1901.050553,1876.628204
Env_1093,"glycerol, L-aspartate, L-threonine","['R_r_1808', 'R_r_1881', 'R_r_1911']",1901.157809,1877.122669
Env_1094,"glycerol, L-aspartate, L-tryptophan","['R_r_1808', 'R_r_1881', 'R_r_1912']",1901.260668,1876.735214
Env_1095,"glycerol, L-aspartate, L-tyrosine","['R_r_1808', 'R_r_1881', 'R_r_1913']",1901.683502,1876.873058
Env_1096,"glycerol, L-aspartate, L-valine","['R_r_1808', 'R_r_1881', 'R_r_1914']",1901.294701,1877.573653
Env_1097,"glycerol, L-glutamate, L-glutamine","['R_r_1808', 'R_r_1889', 'R_r_1891']",1916.671552,1864.351142
Env_1098,"glycerol, L-glutamate, L-glycine","['R_r_1808', 'R_r_1810', 'R_r_1889']",1910.415209,1861.075975
Env_1099,"glycerol, L-glutamate, L-isoleucine","['R_r_1808', 'R_r_1889', 'R_r_1897']",1910.420097,1883.83114
Env_1100,"glycerol, L-glutamate, L-leucine","['R_r_1808', 'R_r_1889', 'R_r_1899']",1910.391722,1884.584183
Env_1101,"glycerol, L-glutamate, L-lysine","['R_r_1808', 'R_r_1889', 'R_r_1900']",1910.539145,1883.795208
Env_1102,"glycerol, L-glutamate, L-methionine","['R_r_1808', 'R_r_1889', 'R_r_1902']",1910.504145,1861.264716
Env_1103,"glycerol, L-glutamate, L-phenylalanine","['R_r_1808', 'R_r_1889', 'R_r_1903']",1911.111122,1861.370819
Env_1104,"glycerol, L-glutamate, L-serine","['R_r_1808', 'R_r_1889', 'R_r_1906']",1910.406235,1861.081787
Env_1105,"glycerol, L-glutamate, L-threonine","['R_r_1808', 'R_r_1889', 'R_r_1911']",1910.408799,1861.200761
Env_1106,"glycerol, L-glutamate, L-tryptophan","['R_r_1808', 'R_r_1889', 'R_r_1912']",1910.604415,1861.165315
Env_1107,"glycerol, L-glutamate, L-tyrosine","['R_r_1808', 'R_r_1889', 'R_r_1913']",1910.88803,1861.273513
Env_1108,"glycerol, L-glutamate, L-valine","['R_r_1808', 'R_r_1889', 'R_r_1914']",1910.360376,1884.254531
Env_1109,"glycerol, L-glutamine, L-glycine","['R_r_1808', 'R_r_1810', 'R_r_1891']",1916.701855,1864.373364
Env_1110,"glycerol, L-glutamine, L-isoleucine","['R_r_1808', 'R_r_1891', 'R_r_1897']",1916.581499,1864.841475
Env_1111,"glycerol, L-glutamine, L-leucine","['R_r_1808', 'R_r_1891', 'R_r_1899']",1916.496158,1887.839882
Env_1112,"glycerol, L-glutamine, L-lysine","['R_r_1808', 'R_r_1891', 'R_r_1900']",1916.637333,1887.040786
Env_1113,"glycerol, L-glutamine, L-methionine","['R_r_1808', 'R_r_1891', 'R_r_1902']",1916.7545,1864.54332
Env_1114,"glycerol, L-glutamine, L-phenylalanine","['R_r_1808', 'R_r_1891', 'R_r_1903']",1917.272826,1864.60149
Env_1115,"glycerol, L-glutamine, L-serine","['R_r_1808', 'R_r_1891', 'R_r_1906']",1916.681653,1864.373364
Env_1116,"glycerol, L-glutamine, L-threonine","['R_r_1808', 'R_r_1891', 'R_r_1911']",1916.669027,1864.484475
Env_1117,"glycerol, L-glutamine, L-tryptophan","['R_r_1808', 'R_r_1891', 'R_r_1912']",1916.863512,1864.449097
Env_1118,"glycerol, L-glutamine, L-tyrosine","['R_r_1808', 'R_r_1891', 'R_r_1913']",1917.087992,1864.524475
Env_1119,"glycerol, L-glutamine, L-valine","['R_r_1808', 'R_r_1891', 'R_r_1914']",1916.366136,1887.457603
Env_1120,"glycerol, L-glycine, L-isoleucine","['R_r_1808', 'R_r_1810', 'R_r_1897']",1858.089757,1899.578221
Env_1121,"glycerol, L-glycine, L-leucine","['R_r_1808', 'R_r_1810', 'R_r_1899']",1858.169876,1899.690455
Env_1122,"glycerol, L-glycine, L-lysine","['R_r_1808', 'R_r_1810', 'R_r_1900']",1858.240991,1899.433532
Env_1123,"glycerol, L-glycine, L-methionine","['R_r_1808', 'R_r_1810', 'R_r_1902']",1858.020813,1899.162667
Env_1124,"glycerol, L-glycine, L-phenylalanine","['R_r_1808', 'R_r_1810', 'R_r_1903']",1858.762945,1899.177039
Env_1125,"glycerol, L-glycine, L-serine","['R_r_1808', 'R_r_1810', 'R_r_1906']",1858.54131,1921.938405
Env_1126,"glycerol, L-glycine, L-threonine","['R_r_1808', 'R_r_1810', 'R_r_1911']",1858.058126,1899.6409
Env_1127,"glycerol, L-glycine, L-tryptophan","['R_r_1808', 'R_r_1810', 'R_r_1912']",1858.064863,1899.036025
Env_1128,"glycerol, L-glycine, L-tyrosine","['R_r_1808', 'R_r_1810', 'R_r_1913']",1858.477055,1899.105753
Env_1129,"glycerol, L-glycine, L-valine","['R_r_1808', 'R_r_1810', 'R_r_1914']",1858.266533,1877.364586
Env_1130,"glycerol, L-isoleucine, L-leucine","['R_r_1808', 'R_r_1897', 'R_r_1899']",1857.768208,1899.607366
Env_1131,"glycerol, L-isoleucine, L-lysine","['R_r_1808', 'R_r_1897', 'R_r_1900']",1857.874708,1899.389366
Env_1132,"glycerol, L-isoleucine, L-methionine","['R_r_1808', 'R_r_1897', 'R_r_1902']",1857.569016,1899.003305
Env_1133,"glycerol, L-isoleucine, L-phenylalanine","['R_r_1808', 'R_r_1897', 'R_r_1903']",1858.340444,1899.071033
Env_1134,"glycerol, L-isoleucine, L-serine","['R_r_1808', 'R_r_1897', 'R_r_1906']",1858.781807,1922.561697
Env_1135,"glycerol, L-isoleucine, L-threonine","['R_r_1808', 'R_r_1897', 'R_r_1911']",1857.53267,1899.194041
Env_1136,"glycerol, L-isoleucine, L-tryptophan","['R_r_1808', 'R_r_1897', 'R_r_1912']",1857.641657,1922.322485
Env_1137,"glycerol, L-isoleucine, L-tyrosine","['R_r_1808', 'R_r_1897', 'R_r_1913']",1859.238666,1923.186491
Env_1138,"glycerol, L-isoleucine, L-valine","['R_r_1808', 'R_r_1897', 'R_r_1914']",1857.898788,1878.308054
Env_1139,"glycerol, L-leucine, L-lysine","['R_r_1808', 'R_r_1899', 'R_r_1900']",1857.968122,1899.516225
Env_1140,"glycerol, L-leucine, L-methionine","['R_r_1808', 'R_r_1899', 'R_r_1902']",1857.681905,1899.172718
Env_1141,"glycerol, L-leucine, L-phenylalanine","['R_r_1808', 'R_r_1899', 'R_r_1903']",1858.433858,1899.197892
Env_1142,"glycerol, L-leucine, L-serine","['R_r_1808', 'R_r_1899', 'R_r_1906']",1858.84863,1922.659308
Env_1143,"glycerol, L-leucine, L-threonine","['R_r_1808', 'R_r_1899', 'R_r_1911']",1857.761115,1899.697038
Env_1144,"glycerol, L-leucine, L-tryptophan","['R_r_1808', 'R_r_1899', 'R_r_1912']",1857.73507,1922.426299
Env_1145,"glycerol, L-leucine, L-tyrosine","['R_r_1808', 'R_r_1899', 'R_r_1913']",1859.308814,1923.274795
Env_1146,"glycerol, L-leucine, L-valine","['R_r_1808', 'R_r_1899', 'R_r_1914']",1857.733743,1922.670431
Env_1147,"glycerol, L-lysine, L-phenylalanine","['R_r_1808', 'R_r_1900', 'R_r_1903']",1684.462767,1852.851001
Env_1148,"glycerol, L-lysine, L-serine","['R_r_1808', 'R_r_1900', 'R_r_1906']",1858.884361,1922.363461
Env_1149,"glycerol, L-lysine, L-tryptophan","['R_r_1808', 'R_r_1900', 'R_r_1912']",1857.84157,1922.146966
Env_1150,"glycerol, L-lysine, L-tyrosine","['R_r_1808', 'R_r_1900', 'R_r_1913']",1859.353391,1922.954179
Env_1151,"glycerol, L-lysine, L-valine","['R_r_1808', 'R_r_1900', 'R_r_1914']",1858.098701,1900.440401
Env_1152,"glycerol, L-methionine, L-phenylalanine","['R_r_1808', 'R_r_1902', 'R_r_1903']",1683.395808,1852.330398
Env_1153,"glycerol, L-methionine, L-serine","['R_r_1808', 'R_r_1902', 'R_r_1906']",1858.730222,1922.165238
Env_1154,"glycerol, L-methionine, L-tryptophan","['R_r_1808', 'R_r_1902', 'R_r_1912']",1857.555354,1921.917925
Env_1155,"glycerol, L-methionine, L-tyrosine","['R_r_1808', 'R_r_1902', 'R_r_1913']",1859.182742,1922.802183
Env_1156,"glycerol, L-methionine, L-valine","['R_r_1808', 'R_r_1902', 'R_r_1914']",1857.812485,1900.21136
Env_1157,"glycerol, L-phenylalanine, L-serine","['R_r_1808', 'R_r_1903', 'R_r_1906']",1859.462533,1922.168808
Env_1158,"glycerol, L-phenylalanine, L-threonine","['R_r_1808', 'R_r_1903', 'R_r_1911']",1683.970091,1852.966901
Env_1159,"glycerol, L-phenylalanine, L-tryptophan","['R_r_1808', 'R_r_1903', 'R_r_1912']",1858.307306,1921.926077
Env_1160,"glycerol, L-phenylalanine, L-tyrosine","['R_r_1808', 'R_r_1903', 'R_r_1913']",1859.917508,1900.576656
Env_1161,"glycerol, L-phenylalanine, L-valine","['R_r_1808', 'R_r_1903', 'R_r_1914']",1858.573021,1900.303683
Env_1162,"glycerol, L-serine, L-threonine","['R_r_1808', 'R_r_1906', 'R_r_1911']",1858.725637,1922.597384
Env_1163,"glycerol, L-serine, L-tryptophan","['R_r_1808', 'R_r_1906', 'R_r_1912']",1858.765156,1922.028569
Env_1164,"glycerol, L-serine, L-tyrosine","['R_r_1808', 'R_r_1906', 'R_r_1913']",1859.180733,1922.10202
Env_1165,"glycerol, L-serine, L-valine","['R_r_1808', 'R_r_1906', 'R_r_1914']",1858.911364,1900.296123
Env_1166,"glycerol, L-threonine, L-tryptophan","['R_r_1808', 'R_r_1911', 'R_r_1912']",1857.634564,1922.369623
Env_1167,"glycerol, L-threonine, L-tyrosine","['R_r_1808', 'R_r_1911', 'R_r_1913']",1859.188631,1923.205001
Env_1168,"glycerol, L-threonine, L-valine","['R_r_1808', 'R_r_1911', 'R_r_1914']",1857.891695,1900.663058
Env_1169,"glycerol, L-tryptophan, L-tyrosine","['R_r_1808', 'R_r_1912', 'R_r_1913']",1859.219955,1922.659133
Env_1170,"glycerol, L-tryptophan, L-valine","['R_r_1808', 'R_r_1912', 'R_r_1914']",1857.86747,1900.105403
Env_1171,"glycerol, L-tyrosine, L-valine","['R_r_1808', 'R_r_1913', 'R_r_1914']",1859.386566,1900.956493
Env_test1,"ammonium, D-glucose","['R_r_1654', 'R_r_1714']",,
Env_test2,"ammonium, glycerol","['R_r_1654', 'R_r_1808']",,
